uo_cod,funcao_cod,subfuncao_cod,programa_cod,acao_cod,subprojeto_subatividade_cod,iag_cod,numero_da_obra_sisor,numero_da_obra_siad,descricao_da_obra,status_da_obra,unidade_de_medida_da_obra,quantidade,alterar_unidade_de_medida_da_obra,regiao_geografica_intermediaria,municipio,vlr_tesouro_ano0,vlr_outros_ano0,vlr_tesouro_ano1,vlr_outros_ano1,vlr_tesouro_ano2,vlr_outros_ano2,vlr_tesouro_ano3,vlr_outros_ano3
1071,6,182,48,4356,1,0,44,,"PROJETO DE PREVENÇÃO CONTRA INCÊNDIO E PÂNICO E EXECUÇÃO COM LIBERAÇÃO DE AVCB (AUTO DE VISTORIA DE AQUISIÇÃO E INSTALAÇÃO DE ESTRUTURA DE PREVENÇÃO A INCENDIO EM UMA ÁREA TOTAL DE 2.592,82 M² (EXCETUANDO AMPLIAÇÕES)",INICIANDO,UNIDADE,1,Sim,Região Intermediária de Belo Horizonte,BELO HORIZONTE,400000.00,0.00,0.00,0.00,0.00,0.00,0.00,0.00
1091,3,62,714,1064,1,0,464,,CONSTRUÇÃO DE SEDES PROPRIAS,INICIANDO,UNIDADE,6,Não,Estadual,DIVERSOS MUNICÍPIOS - ESTADUAL,20000000.00,4500000.00,0.00,0.00,0.00,0.00,0.00,0.00
1251,10,302,135,2060,1,0,89,,Reforma das instalações do NAIS/9ª RPM,INICIANDO,PORCENTAGEM DE OBRA REALIZADA,1669663,Sim,Região Intermediária de Uberlândia,UBERLÂNDIA,0.00,400000.00,0.00,400000.00,0.00,400000.00,0.00,400000.00
1251,10,302,135,2060,1,0,90,,Reforma das instalações do SAS/53º BPM - 9ª RPM,INICIANDO,PORCENTAGEM DE OBRA REALIZADA,1,Sim,Região Intermediária de Uberlândia,UBERLÂNDIA,0.00,50000.00,0.00,50000.00,0.00,50000.00,0.00,50000.00
1251,10,302,135,2060,1,0,91,,reforma do consultório médico da SAS do 43 BPM,INICIANDO,PORCENTAGEM DE OBRA REALIZADA,1,Sim,Região Intermediária de Pouso Alegre,POÇOS DE CALDAS,0.00,33000.00,0.00,33000.00,0.00,33000.00,0.00,33000.00
1261,12,368,168,4519,1,1,381,,EE 13 DE MAIO,INICIANDO,UNIDADE,1,Sim,Região Intermediária de Uberlândia,UBERLÂNDIA,0.00,10517117.00,0.00,0.00,0.00,0.00,0.00,0.00
1261,12,368,168,4519,1,1,382,,EE DOM SILVERIO,INICIANDO,UNIDADE,1,Sim,Região Intermediária de Divinópolis,CRUCILÂNDIA,0.00,2022617.00,0.00,0.00,0.00,0.00,0.00,0.00
1261,12,368,168,4519,1,1,383,,EE DEP. CARLO PEIXOTO FILHO,INICIANDO,UNIDADE,1,Sim,Região Intermediária de Juíz de Fora,UBÁ,0.00,602002.00,0.00,0.00,0.00,0.00,0.00,0.00
1261,12,368,168,4519,1,1,384,,EE QUEIROZ JUNIOR,INICIANDO,UNIDADE,1,Sim,Região Intermediária de Barbacena,CONSELHEIRO LAFAIETE,0.00,1430382.00,0.00,0.00,0.00,0.00,0.00,0.00
1261,12,368,168,4519,1,1,385,,EE AFONSO PENA,INICIANDO,UNIDADE,1,Sim,Região Intermediária de Varginha,VARGINHA,0.00,10600000.00,0.00,0.00,0.00,0.00,0.00,0.00
1261,12,368,168,4519,1,1,386,,CESEC TANCREDO NEVES / EE FARNESE MACIEL,INICIANDO,UNIDADE,1,Sim,Região Intermediária de Patos de Minas,PRESIDENTE OLEGÁRIO,0.00,27000.00,0.00,0.00,0.00,0.00,0.00,0.00
1261,12,368,168,4519,1,1,387,,EE AFONSO PENA / EE INSTITUTO SÃO RAFAEL,INICIANDO,UNIDADE,2,Sim,Região Intermediária de Belo Horizonte,BELO HORIZONTE,0.00,21600000.00,0.00,0.00,0.00,0.00,0.00,0.00
1261,12,368,168,4519,1,1,388,,EE WENCESLAU BRAZ,INICIANDO,UNIDADE,1,Sim,Região Intermediária de Pouso Alegre,ITAJUBÁ,0.00,10600000.00,0.00,0.00,0.00,0.00,0.00,0.00
1261,12,368,168,4519,1,1,389,,EE ANTONIO DIAS MACIEL,INICIANDO,UNIDADE,1,Sim,Região Intermediária de Patos de Minas,PATOS DE MINAS,0.00,7000000.00,0.00,0.00,0.00,0.00,0.00,0.00
1261,12,368,168,4519,1,1,390,,EE JULIETA DE OLIVEIRA MACEDO,INICIANDO,UNIDADE,1,Sim,Região Intermediária de Juíz de Fora,MURIAÉ,0.00,1026274.00,0.00,0.00,0.00,0.00,0.00,0.00
1301,4,130,85,4253,1,0,335,,Belo Horizonte - Reforma muro Mineirinho,EXECUÇÃO,PAGAMENTO,1,Sim,Região Intermediária de Belo Horizonte,BELO HORIZONTE,200000.00,0.00,0.00,0.00,0.00,0.00,0.00,0.00
1301,4,130,85,4346,1,0,336,12292,"METRÔ RMBH - Concessão comum da prestação dos serviços de gestão, operação e manutenção da redemetroferroviária, compreendendo a linha 1 expandida (Novo Eldorado-Vilarinho) e implementação da Linha 2(Linha Nova Suiça-Barreiro)",INICIANDO,PAGAMENTO,1,Não,Região Intermediária de Belo Horizonte,BELO HORIZONTE,38627488.00,1483660365.00,0.00,0.00,0.00,0.00,0.00,0.00
1301,15,451,81,1037,1,0,157,,TRAB. DE OBRAS DE ARTE ESPEC. NO TRECHO ENTR LMG/690 (PARACATU) - ENTR ENTRE RIBEIROS - ENTR MG/181,EXECUÇÃO,UNIDADE,1,Não,Região Intermediária de Patos de Minas,PARACATU,0.00,16338149.00,0.00,5831763.00,0.00,5831763.00,0.00,5831763.00
1301,15,451,81,1037,1,0,158,,Melhoramento de estradas vicinais - Complementação ITAPAGIPE - CAMPINA VERDE,EXECUÇÃO,UNIDADE,1,Não,Região Intermediária de Uberaba,ITAPAGIPE,409000.00,23352962.00,0.00,5438738.00,0.00,5438738.00,0.00,5438738.00
1301,15,451,81,1037,1,0,232,,CONVENIO: 1301001279/2022 OBJETO: MELHORAMENTO DE VIA PÚBLICA E CONSTRUÇÃO DE PONTE QUE ABRANGE OS MUNICÍPIOS DE CONSOLAÇÃO/MG E CAMBUI.: SEI: 1300010003232/2022-58,EXECUÇÃO,UNIDADE,1,Não,Região Intermediária de Pouso Alegre,CAMBUÍ,8075425.00,5000000.00,0.00,0.00,0.00,0.00,0.00,0.00
1301,15,451,81,1037,1,0,233,,"Pavimentação e melhoramentos de estrada vicinal no trecho Jaboticatubas-Lagoa Santa com extensão de 12,6 km.",EXECUÇÃO,UNIDADE,1,Não,Região Intermediária de Belo Horizonte,JABOTICATUBAS,0.00,21247640.00,0.00,0.00,0.00,0.00,0.00,0.00
1301,15,451,81,1037,1,0,234,,Melhoramento e pavimentação estradas vicinais do Estado de Minas Gerais ITURAMA,EXECUÇÃO,UNIDADE,1,Não,Região Intermediária de Uberaba,ITURAMA,0.00,4647295.00,0.00,2351127.00,0.00,2351127.00,0.00,2351127.00
1301,15,451,81,1037,1,0,235,,Pavimentação do trecho Pimenta - Guapé,EXECUÇÃO,UNIDADE,1,Não,Região Intermediária de Divinópolis,PIMENTA,4890475.00,13407614.00,4890475.00,0.00,4890475.00,0.00,4890475.00,0.00
1301,15,451,81,1037,1,0,236,,Pavimentação na via Rua 10 (Estrada da Amizade) que liga Coronel Fabriciano até a divisacom o município de ipatinga.,EXECUÇÃO,UNIDADE,1,Não,Região Intermediária de Ipatinga,CORONEL FABRICIANO,0.00,4501166.00,0.00,748998.00,0.00,748998.00,0.00,748998.00
1301,15,451,81,1037,1,0,237,,Construção de Passarela na Rodovia MG-010 Belo Horizonte,EXECUÇÃO,UNIDADE,1,Não,Região Intermediária de Belo Horizonte,BELO HORIZONTE,962324.00,4087644.00,0.00,962324.00,0.00,962324.00,0.00,962324.00
1301,15,451,81,1037,1,0,238,,Pavimentação de estrada vicinais em Minas Gerais- Carneirinho.,INICIANDO,UNIDADE,1,Não,Região Intermediária de Uberaba,CARNEIRINHO,428000.00,6921600.00,0.00,0.00,0.00,0.00,0.00,0.00
1301,15,451,81,1037,1,0,239,,Melhoramento e pavimentação estradas vicinais do Estado de Minas Gerais em Varginha - Tres Pontas,EXECUÇÃO,UNIDADE,1,Não,Região Intermediária de Varginha,TRÊS PONTAS,3924797.00,0.00,3924797.00,0.00,3924797.00,0.00,3924797.00,0.00
1301,15,451,81,1037,1,0,240,11945,Adequação de estradas vicinais - Canápolis,EXECUÇÃO,UNIDADE,1,Não,Região Intermediária de Uberlândia,CANÁPOLIS,0.00,1297952.00,0.00,1297952.00,0.00,1297952.00,0.00,1297952.00
1301,15,451,99,1035,1,0,330,,REQUALIFICAÇÃO URBANA E AMBIENTAL DO RIBEIRÃO ARRUDAS - FNHIS/2009 - Construção de 64 unidades habitacionais.,EXECUÇÃO,UNIDADE,1,Não,Região Intermediária de Belo Horizonte,CONTAGEM,0.00,2603633.00,0.00,0.00,0.00,0.00,0.00,0.00
1301,15,451,99,1036,1,0,149,,"Execução de Obras de Contenção de Encostas em Cataguases/MG - Intervenção em setores de risco alto e muito alto, no âmbito do programa PAC Gestão de Riscos e Resposta a Desastres.",EXECUÇÃO,UNIDADE,1,Não,Região Intermediária de Juíz de Fora,CATAGUASES,0.00,1500000.00,0.00,0.00,0.00,0.00,0.00,0.00
1301,15,451,99,1036,1,0,150,,LOTE 1– EXECUCAO DAS OBRAS DE ESTABILIZACAO E CONTENCAO DE ENCOSTAS EM AREAS URBANAS EM ALEM PARAIBA,EXECUÇÃO,UNIDADE,1,Não,Região Intermediária de Juíz de Fora,ALÉM PARAÍBA,0.00,1500000.00,0.00,0.00,0.00,0.00,0.00,0.00
1301,15,451,99,1036,1,0,151,9444,Elaboração de projeto das obras de contenção de encosta dos setores de risco em varios municipios de Minas Gerais,EXECUÇÃO,UNIDADE,1,Não,Região Intermediária de Belo Horizonte,IBIRITÉ,0.00,2500000.00,0.00,0.00,0.00,0.00,0.00,0.00
1301,15,451,99,1036,1,0,152,,Recuperação Funcional - 29ª CRG Manhumirim,EXECUÇÃO,UNIDADE,1,Não,Região Intermediária de Juíz de Fora,MANHUMIRIM,0.00,10725458.00,0.00,0.00,0.00,0.00,0.00,0.00
1301,15,451,99,1036,1,0,153,,ELAB.PROJ.EXECUT.REFORMA DA EDIFICACAO DA EE.JULIETA DE OLIVEIRA MACEDO DE MURIAE,EXECUÇÃO,UNIDADE,1,Não,Região Intermediária de Juíz de Fora,MURIAÉ,0.00,8042934.00,0.00,0.00,0.00,0.00,0.00,0.00
1301,15,451,99,1036,1,0,154,,"bras de contenção de encostas em Nova Lima - Intervenção em setores de risco alto e muito alto, no âmbito do Programa PAC Gestão de Riscos e Resposta a Desastres.",EXECUÇÃO,UNIDADE,1,Não,Região Intermediária de Belo Horizonte,NOVA LIMA,0.00,3541616.00,0.00,0.00,0.00,0.00,0.00,0.00
1301,15,451,99,1036,1,0,155,,"Obras de contenção de encostas em Sabará - Intervenção em setores de risco alto e muito alto, no âmbito do Programa PAC Gestão de Riscos e Resposta a Desastres.",EXECUÇÃO,UNIDADE,1,Não,Região Intermediária de Belo Horizonte,SABARÁ,0.00,551905.00,0.00,0.00,0.00,0.00,0.00,0.00
1301,15,451,99,1036,1,0,156,,"Obras de contenção de encostas em Santa Luzia - Intervenção em setores de risco alto e muito alto, no âmbito do Programa PAC Gestão de Riscos e Resposta a Desastres.",EXECUÇÃO,UNIDADE,1,Não,Região Intermediária de Belo Horizonte,SANTA LUZIA,0.00,11507504.00,0.00,0.00,0.00,0.00,0.00,0.00
1301,15,451,99,1036,1,0,332,,Elaboração de projeto das obras de contenção de encosta dos setores de risco em varios municipios de Minas Gerais,EXECUÇÃO,UNIDADE,1,Não,Estadual,DIVERSOS MUNICÍPIOS - ESTADUAL,13557699.00,0.00,0.00,0.00,0.00,0.00,0.00,0.00
1301,15,451,99,1038,1,0,331,,REQUALIFICAÇÃO URBANA E AMBIENTAL DO RIBEIRÃO ARRUDAS - FNHIS/2009 - Construção de 64 unidades habitacionais.,EXECUÇÃO,UNIDADE,1,Não,Região Intermediária de Belo Horizonte,CONTAGEM,0.00,3856384.00,0.00,0.00,0.00,0.00,0.00,0.00
1301,15,451,99,1039,1,0,333,,"Obras de Implantaçãode Unidades Habitacionais destinadas a reassentam. familiar na área 02,02A,04,06,07 e 08 - Lote 1 - Córrego Ferrugem, nos Municiípios de Belo Horizonte e Contagem/MG.",EXECUÇÃO,UNIDADE,1,Não,Região Intermediária de Belo Horizonte,CONTAGEM,0.00,10910176.00,0.00,0.00,0.00,0.00,0.00,0.00
1301,15,451,99,1041,1,0,334,,REMANESCENTE DAS OBRAS DE INFRAESTRUTURA PARA A CONCLUSAO DAS BACIAS DO CONTROLE DE CHEIAS DO CORREGO RIACHO DAS PEDRAS.,EXECUÇÃO,UNIDADE,1,Não,Região Intermediária de Belo Horizonte,CONTAGEM,0.00,9405694.00,0.00,0.00,0.00,0.00,0.00,0.00
1301,15,451,99,4261,1,0,372,,SERVIÇOS DE CONSULTORIA PARA PROJETOS DE REQUALIFICAÇÃO URBANA E AMBIENTAL DO RIBEIRÃO BH/CONTAGEM,INICIANDO,UNIDADE,1,Não,Região Intermediária de Belo Horizonte,CONTAGEM,0.00,12553549.00,0.00,0.00,0.00,0.00,0.00,0.00
1301,15,451,99,4262,1,0,337,,"Aquisição de elementos estruturais (vigas, bueiros, mata burros, abrigos) para doação aos municipios",INICIANDO,INSTRUMENTO JURÍDICO,100,Não,Estadual,DIVERSOS MUNICÍPIOS - ESTADUAL,7995168.00,0.00,0.00,0.00,0.00,0.00,0.00,0.00
1301,26,453,117,4290,1,0,371,,tratamento viário para implantação de sistema BRS em dois corredores de importância metropolitana na Região Metropolitana de Belo Horizonte (RMBH),INICIANDO,UNIDADE,1,Não,Região Intermediária de Belo Horizonte,BELO HORIZONTE,2511303.00,125565148.00,0.00,0.00,0.00,0.00,0.00,0.00
1401,6,182,52,4120,1,0,465,12495,CONSTRUÇÃO DA SEDE DA 6ª CIA IND,INICIANDO,UNIDADE,1,Sim,Região Intermediária de Teófilo Otoni,DIAMANTINA,0.00,5100000.00,0.00,3100000.00,0.00,0.00,0.00,0.00
1451,6,421,130,1048,1,1,117,,REALIZAÇÃO DE OBRAS DE MODERNIZAÇÃO E EXPANSÃO DO SISTEMA PRISIONAL,EXECUÇÃO,UNIDADE,40,Não,Estadual,DIVERSOS MUNICÍPIOS - ESTADUAL,16292105.00,0.00,0.00,0.00,0.00,0.00,0.00,0.00
1451,10,421,130,4353,1,0,116,,PROJETO PARA REFORMA E AMPLIAÇÃO DO HOSPITAL JORGE VAZ (BARBACENA),EXECUÇÃO,UNIDADE,173,Não,Estadual,DIVERSOS MUNICÍPIOS - ESTADUAL,740555.00,0.00,0.00,0.00,0.00,0.00,0.00,0.00
1501,4,122,147,4476,1,0,375,,"A OBRA PREVISTA CONTEMPLA A REFORMA DE INSTALAÇÕES FÍSICAS DAS UNIDADES DA PERÍCIA MÉDICA, SENDO NECESSÁRIOS REPAROS PARA GARANTIR CONSIDÇÕES DE TRABALHO E PRESTAÇÃO DE SERVIÇO.",INICIANDO,% DE EXECUÇÃO FÍSICA,100,Sim,Região Intermediária de Belo Horizonte,BELO HORIZONTE,150000.00,0.00,0.00,0.00,0.00,0.00,0.00,0.00
1501,4,122,156,4465,1,0,55,,"OBRAS E PROJETOS QUE CONTEMPLAM A IMPERMEABILIZAÇÃO DA LAJE DO SUBSOLO DO PRÉDIO ALTEROSAS, A CONSTRUÇÃO DO ABRIGO DE RESÍDUOS SÓLIDOS E ABRIGOS DE SEGURANÇAS NA CIDADE ADMINISTRATIVA, A EXECUÇÃO DE REFORÇO DA LAJE DO SUBSOLO DO ALTEROSAS E RECUPERAÇÃO DOS TALUDES INTERNOS DOS PRÉDIOS.",INICIANDO,INTERVENÇÃO,4,Sim,Região Intermediária de Belo Horizonte,BELO HORIZONTE,4285200.00,0.00,0.00,0.00,0.00,0.00,0.00,0.00
1511,6,181,32,4060,1,0,466,,ESTRUTURAÇÃO OPERACIONAL DA PCMG,INICIANDO,UNIDADE,1,Sim,Estadual,DIVERSOS MUNICÍPIOS - ESTADUAL,125000.00,0.00,0.00,0.00,0.00,0.00,0.00,0.00
2011,10,302,88,4231,1,0,121,,Reformas ala B do HGIP - 40%,EXECUÇÃO,METRO QUADRADO,2484,Sim,Região Intermediária de Belo Horizonte,BELO HORIZONTE,0.00,10000000.00,0.00,6700000.00,0.00,0.00,0.00,0.00
2091,18,543,40,4070,1,0,102,,OBRA DE DESCONTAMINAÇÃO DE MERCURIO NA SERRA DE DE,INICIANDO,UNIDADE,18,Não,Região Intermediária de Juíz de Fora,DESCOBERTO,0.00,2094968.00,0.00,2094968.00,0.00,2094968.00,0.00,2094968.00
2101,18,541,31,4059,1,0,87,,OBRAS DE ESTRUTURAÇÃO DO PE PICO DO ITAMBÉ,INICIANDO,UNIDADE,1,Sim,Região Intermediária de Teófilo Otoni,SANTO ANTÔNIO DO ITAMBÉ,0.00,1500000.00,0.00,1500000.00,0.00,1500000.00,0.00,1500000.00
2101,18,541,31,4059,1,0,88,,OBRAS PE SERRA NEGRA DA MANTIQUEIRA,INICIANDO,UNIDADE,1,Sim,Região Intermediária de Juíz de Fora,OLARIA,0.00,527132.00,0.00,0.00,0.00,0.00,0.00,0.00
2261,10,122,705,2500,1,0,136,,Projeto de instalação para produção Fotovoltaica (Sede da Funed e Fazenda São Judas Tadeu),INICIANDO,UNIDADE,1,Sim,Região Intermediária de Belo Horizonte,BELO HORIZONTE,5750000.00,0.00,0.00,0.00,0.00,0.00,0.00,0.00
2261,10,122,705,2500,1,0,137,,Instalação do sistema VRF (Variable Refrigerant Flow) no prédio central da FUNED.,INICIANDO,UNIDADE,1,Sim,Região Intermediária de Belo Horizonte,BELO HORIZONTE,4900000.00,0.00,0.00,0.00,0.00,0.00,0.00,0.00
2261,10,122,705,2500,1,0,138,,Novo Prédio Administrativo da FUNED em Steel Frame (Unidade IV),INICIANDO,UNIDADE,1,Sim,Região Intermediária de Belo Horizonte,BELO HORIZONTE,10000000.00,0.00,0.00,0.00,0.00,0.00,0.00,0.00
2261,10,303,153,4457,1,0,142,,Projeto de instalação para produção Fotovoltaica (Sede da Funed e Fazenda São Judas Tadeu),INICIANDO,UNIDADE,1,Sim,Região Intermediária de Belo Horizonte,BELO HORIZONTE,5750000.00,0.00,0.00,0.00,0.00,0.00,0.00,0.00
2261,10,303,153,4457,1,0,143,,Instalação do sistema VRF (Variable Refrigerant Flow) no prédio central da FUNED.,INICIANDO,UNIDADE,1,Sim,Região Intermediária de Belo Horizonte,BELO HORIZONTE,2100000.00,0.00,0.00,0.00,0.00,0.00,0.00,0.00
2261,10,303,154,4459,1,0,139,,Projeto de instalação para produção Fotovoltaica (Sede da Funed e Fazenda São Judas Tadeu),INICIANDO,UNIDADE,1,Sim,Região Intermediária de Belo Horizonte,BELO HORIZONTE,2875000.00,0.00,0.00,0.00,0.00,0.00,0.00,0.00
2261,10,303,154,4459,1,0,141,,Execução de Obras de adequação da Unidade V da Funed,EXECUÇÃO,UNIDADE,1,Sim,Região Intermediária de Belo Horizonte,BELO HORIZONTE,180000.00,0.00,0.00,0.00,0.00,0.00,0.00,0.00
2261,10,303,154,4460,1,0,140,,Projeto de instalação para produção Fotovoltaica (Sede da Funed e Fazenda São Judas Tadeu),INICIANDO,UNIDADE,1,Sim,Região Intermediária de Belo Horizonte,BELO HORIZONTE,2875000.00,0.00,0.00,0.00,0.00,0.00,0.00,0.00
2261,10,303,154,4460,1,0,145,,Execução de Obras da nova sede da Divisão de Controle de Qualidade.,INICIANDO,UNIDADE,1,Sim,Região Intermediária de Belo Horizonte,BELO HORIZONTE,15000000.00,0.00,0.00,0.00,0.00,0.00,0.00,0.00
2261,10,571,152,4456,1,0,144,,Projeto de instalação para produção Fotovoltaica (Sede da Funed e Fazenda São Judas Tadeu),INICIANDO,UNIDADE,1,Sim,Região Intermediária de Belo Horizonte,BELO HORIZONTE,5750000.00,0.00,0.00,0.00,0.00,0.00,0.00,0.00
2281,12,363,67,4300,1,0,48,12215,"ELABORAÇÃO DE PROJETOS EXECUTIVOS PARA A REFORMA DOS PRÉDIOS QUE COMPÕEM A UTRAMIG - FUNDAÇÃO DE EDUCAÇÃO PARA O TRABALHO DE MINAS GERAIS, INSTITUIÇÃO LOCALIZADA NO MUNICÍPIO DE BELO HORIZONTE",INICIANDO,ALUNO,265,Não,Estadual,DIVERSOS MUNICÍPIOS - ESTADUAL,50000.00,0.00,50000.00,0.00,50000.00,0.00,50000.00,0.00
2301,26,782,47,4280,1,0,255,,PONTOS CRÍTICOS DE DIVERSOS TRECHOS,INICIANDO,OCORRÊNCIA,20,Não,Estadual,DIVERSOS MUNICÍPIOS - ESTADUAL,42310815.00,0.00,0.00,0.00,0.00,0.00,0.00,0.00
2301,26,782,81,4162,1,0,268,,CONSULTORIA(APOIO TÉCNICO) E COOPERAÇÃO(UFMG),INICIANDO,UNIDADE,1,Não,Região Intermediária de Belo Horizonte,BELO HORIZONTE,13167160.00,0.00,0.00,0.00,0.00,0.00,0.00,0.00
2301,26,782,81,4268,1,0,247,,MATERIAL BETUMINOSO _ RECUPERAÇÃO FUNCIONAL DA LMG-739 (CONGONHAS DO NORTE - CONCEIÇÃO DO MATO DENTRO),INICIANDO,QUILÔMETRO,1,Sim,Estadual,DIVERSOS MUNICÍPIOS - ESTADUAL,0.00,2305534.00,0.00,0.00,0.00,0.00,0.00,0.00
2301,26,782,81,4268,1,0,248,,"MATERIAL BETUMINOSO _ RECUPERAÇÃO RODOVIA MG-010, TRECHO CONCEIÇÃO DO MATO DENTRO - SERRO (DISTRITO DE MATO GROSSO), 22,50 KM",INICIANDO,QUILÔMETRO,1,Sim,Estadual,DIVERSOS MUNICÍPIOS - ESTADUAL,0.00,5379580.00,0.00,0.00,0.00,0.00,0.00,0.00
2301,26,782,81,4268,1,0,249,,"OBRA _ AUMENTO DE CAPACIDADE DA MG-167 (TRÊS PONTAS - VARGINHA, ESTACA 80 A 610)",INICIANDO,QUILÔMETRO,1,Sim,Estadual,DIVERSOS MUNICÍPIOS - ESTADUAL,0.00,5977310.00,0.00,0.00,0.00,0.00,0.00,0.00
2301,26,782,81,4268,1,0,250,,OBRA _ RECUPERAÇÃO FUNCIONAL DA LMG-739 (CONGONHAS DO NORTE - CONCEIÇÃO DO MATO DENTRO),INICIANDO,QUILÔMETRO,1,Sim,Estadual,DIVERSOS MUNICÍPIOS - ESTADUAL,0.00,15370225.00,0.00,0.00,0.00,0.00,0.00,0.00
2301,26,782,81,4268,1,0,251,,"OBRA _ RECUPERAÇÃO RODOVIA MG-010, TRECHO CONCEIÇÃO DO MATO DENTRO - SERRO (DISTRITO DE MATO GROSSO), 22,50 KM",INICIANDO,QUILÔMETRO,1,Sim,Estadual,DIVERSOS MUNICÍPIOS - ESTADUAL,0.00,2452405.00,0.00,0.00,0.00,0.00,0.00,0.00
2301,26,782,81,4268,1,0,252,,"PROJETO _ ELABORAÇÃO DE PROJETO ARAÇUAÍ - NOVO CRUZEIRO, NA LMG-678",INICIANDO,QUILÔMETRO,1,Sim,Estadual,DIVERSOS MUNICÍPIOS - ESTADUAL,0.00,2672969.00,0.00,0.00,0.00,0.00,0.00,0.00
2301,26,782,81,4268,1,0,295,,"MATERIAL BETUMINOSO _ ACESSO CMAA - TREVO DE CANÁPOLIS, RODOVIA MUNICIPAL",INICIANDO,QUILÔMETRO,1,Sim,Estadual,DIVERSOS MUNICÍPIOS - ESTADUAL,853901.00,0.00,0.00,0.00,0.00,0.00,0.00,0.00
2301,26,782,81,4268,1,0,296,,"MATERIAL BETUMINOSO _ ARCOS (ENTR. BR-354) - CORUMBÁ (PAINS) (PAVIMENTO RÍGIDO), NA MG-170",INICIANDO,QUILÔMETRO,1,Sim,Estadual,DIVERSOS MUNICÍPIOS - ESTADUAL,115277.00,0.00,0.00,0.00,0.00,0.00,0.00,0.00
2301,26,782,81,4268,1,0,297,,"MATERIAL BETUMINOSO _ INTERSEÇÃO DE ACESSO A FABRICA MCCAIN, NA BR-262 EM ARAXÁ",INICIANDO,QUILÔMETRO,1,Sim,Estadual,DIVERSOS MUNICÍPIOS - ESTADUAL,730086.00,0.00,0.00,0.00,0.00,0.00,0.00,0.00
2301,26,782,81,4268,1,0,298,,"MATERIAL BETUMINOSO _ INTERSEÇÃO PARA PATROCÍNIO - TREVO DE ENXÓ, NA MG-230",INICIANDO,QUILÔMETRO,1,Sim,Estadual,DIVERSOS MUNICÍPIOS - ESTADUAL,422681.00,0.00,0.00,0.00,0.00,0.00,0.00,0.00
2301,26,782,81,4268,1,0,299,,"OBRA _ ARCOS (ENTR. BR-354) - CORUMBÁ (PAINS) (PAVIMENTO RÍGIDO), NA MG-170",INICIANDO,QUILÔMETRO,1,Sim,Estadual,DIVERSOS MUNICÍPIOS - ESTADUAL,14516326.00,0.00,0.00,0.00,0.00,0.00,0.00,0.00
2301,26,782,81,4268,1,0,300,,"OBRA _ INTERSEÇÃO DE ACESSO A FABRICA MCCAIN, NA BR-262 EM ARAXÁ",INICIANDO,QUILÔMETRO,1,Sim,Estadual,DIVERSOS MUNICÍPIOS - ESTADUAL,2988655.00,0.00,0.00,0.00,0.00,0.00,0.00,0.00
2301,26,782,81,4268,1,0,301,,"OBRA _ INTERSEÇÃO PARA PATROCÍNIO - TREVO DE ENXÓ, NA MG-230",INICIANDO,QUILÔMETRO,1,Sim,Estadual,DIVERSOS MUNICÍPIOS - ESTADUAL,1963973.00,0.00,0.00,0.00,0.00,0.00,0.00,0.00
2301,26,782,81,4268,1,0,302,,"PROJETO _ ELABORAÇÃO DE PROJETO ALVARENGA - CONSELHEIRO PENA, NA LMG-788",INICIANDO,QUILÔMETRO,1,Sim,Estadual,DIVERSOS MUNICÍPIOS - ESTADUAL,1835888.00,0.00,0.00,0.00,0.00,0.00,0.00,0.00
2301,26,782,81,4268,1,0,303,,"PROJETO _ ELABORAÇÃO DE PROJETO ARAÇUAÍ - NOVO CRUZEIRO, NA LMG-678",INICIANDO,QUILÔMETRO,1,Sim,Estadual,DIVERSOS MUNICÍPIOS - ESTADUAL,371189.00,0.00,0.00,0.00,0.00,0.00,0.00,0.00
2301,26,782,81,4268,1,0,304,,"PROJETO _ ELABORAÇÃO DE PROJETO ATALÉIA - DIVISA MG/ES, NA MG-412",INICIANDO,QUILÔMETRO,1,Sim,Estadual,DIVERSOS MUNICÍPIOS - ESTADUAL,478185.00,0.00,0.00,0.00,0.00,0.00,0.00,0.00
2301,26,782,81,4268,1,0,305,,"PROJETO _ ELABORAÇÃO DE PROJETO ATALÉIA - OURO VERDE, NA BR-352 (FED)",INICIANDO,QUILÔMETRO,1,Sim,Estadual,DIVERSOS MUNICÍPIOS - ESTADUAL,602000.00,0.00,0.00,0.00,0.00,0.00,0.00,0.00
2301,26,782,81,4268,1,0,306,,"PROJETO _ ELABORAÇÃO DE PROJETO CAPELINHA - ITAMARANDIBA, NA MG-214",INICIANDO,QUILÔMETRO,1,Sim,Estadual,DIVERSOS MUNICÍPIOS - ESTADUAL,2507055.00,0.00,0.00,0.00,0.00,0.00,0.00,0.00
2301,26,782,81,4268,1,0,307,,"PROJETO _ ELABORAÇÃO DE PROJETO CARRANCAS - MINDURI, NA MG-451",INICIANDO,QUILÔMETRO,1,Sim,Estadual,DIVERSOS MUNICÍPIOS - ESTADUAL,1182653.00,0.00,0.00,0.00,0.00,0.00,0.00,0.00
2301,26,782,81,4268,1,0,308,,PROJETO _ ELABORAÇÃO DE PROJETO CONTORNO DE IBIÁ,INICIANDO,QUILÔMETRO,1,Sim,Estadual,DIVERSOS MUNICÍPIOS - ESTADUAL,337291.00,0.00,0.00,0.00,0.00,0.00,0.00,0.00
2301,26,782,81,4268,1,0,309,,PROJETO _ ELABORAÇÃO DE PROJETO CONTORNO DE PONTE NOVA,INICIANDO,QUILÔMETRO,1,Sim,Estadual,DIVERSOS MUNICÍPIOS - ESTADUAL,879518.00,0.00,0.00,0.00,0.00,0.00,0.00,0.00
2301,26,782,81,4268,1,0,310,,PROJETO _ ELABORAÇÃO DE PROJETO ENTR. BR-479 (CABECEIRA DA MATA) - ENTR. LMG-628 (CARAPUAVA) NA LMG-644,INICIANDO,QUILÔMETRO,1,Sim,Estadual,DIVERSOS MUNICÍPIOS - ESTADUAL,1178384.00,0.00,0.00,0.00,0.00,0.00,0.00,0.00
2301,26,782,81,4268,1,0,311,,"PROJETO _ ELABORAÇÃO DE PROJETO ENTR. MG-129 (CATAS ALTAS) - FONSECA - ALVINÓPOLIS, NA MG-326",INICIANDO,QUILÔMETRO,1,Sim,Estadual,DIVERSOS MUNICÍPIOS - ESTADUAL,2032285.00,0.00,0.00,0.00,0.00,0.00,0.00,0.00
2301,26,782,81,4268,1,0,312,,"PROJETO _ ELABORAÇÃO DE PROJETO ENTR. MGC-418 (CARLOS CHAGAS) - DIVISA MG/ES (VILA PEREIRA), NA LMG-718",INICIANDO,QUILÔMETRO,1,Sim,Estadual,DIVERSOS MUNICÍPIOS - ESTADUAL,909405.00,0.00,0.00,0.00,0.00,0.00,0.00,0.00
2301,26,782,81,4268,1,0,313,,"PROJETO _ ELABORAÇÃO DE PROJETO JANUÁRIA - RIO PARDO, NA MGC-479",INICIANDO,QUILÔMETRO,1,Sim,Estadual,DIVERSOS MUNICÍPIOS - ESTADUAL,1864921.00,0.00,0.00,0.00,0.00,0.00,0.00,0.00
2301,26,782,81,4268,1,0,314,,"PROJETO _ ELABORAÇÃO DE PROJETO LUMINÁRIAS - SÃO BENTO DO ABADE, NA LMG-862",INICIANDO,QUILÔMETRO,1,Sim,Estadual,DIVERSOS MUNICÍPIOS - ESTADUAL,542227.00,0.00,0.00,0.00,0.00,0.00,0.00,0.00
2301,26,782,81,4268,1,0,315,,"PROJETO _ ELABORAÇÃO DE PROJETO MAJOR PORTO - QUINTINOS, NA LMG-743",INICIANDO,QUILÔMETRO,1,Sim,Estadual,DIVERSOS MUNICÍPIOS - ESTADUAL,713008.00,0.00,0.00,0.00,0.00,0.00,0.00,0.00
2301,26,782,81,4268,1,0,316,,"PROJETO _ ELABORAÇÃO DE PROJETO MAR DE ESPANHA - DIVISA MG/RJ, NA MGC-126",INICIANDO,QUILÔMETRO,1,Sim,Estadual,DIVERSOS MUNICÍPIOS - ESTADUAL,1105802.00,0.00,0.00,0.00,0.00,0.00,0.00,0.00
2301,26,782,81,4268,1,0,317,,"PROJETO _ ELABORAÇÃO DE PROJETO MARILAC - NACIP RAYDAN (ENTR. P/ SÃO JOSÉ DA SAFIRA), NA LMG-744",INICIANDO,QUILÔMETRO,1,Sim,Estadual,DIVERSOS MUNICÍPIOS - ESTADUAL,648965.00,0.00,0.00,0.00,0.00,0.00,0.00,0.00
2301,26,782,81,4268,1,0,318,,"PROJETO _ ELABORAÇÃO DE PROJETO NATALÂNDIA - ENTR. BR-251, NA LMG-622",INICIANDO,QUILÔMETRO,1,Sim,Estadual,DIVERSOS MUNICÍPIOS - ESTADUAL,806937.00,0.00,0.00,0.00,0.00,0.00,0.00,0.00
2301,26,782,81,4268,1,0,319,,PROJETO _ ELABORAÇÃO DE PROJETO NOVO CRUZEIRO - LADAINHA,INICIANDO,QUILÔMETRO,1,Sim,Estadual,DIVERSOS MUNICÍPIOS - ESTADUAL,1383320.00,0.00,0.00,0.00,0.00,0.00,0.00,0.00
2301,26,782,81,4268,1,0,320,,"PROJETO _ ELABORAÇÃO DE PROJETO PAVÃO - CARLOS CHAGAS, NA MG-105",INICIANDO,QUILÔMETRO,1,Sim,Estadual,DIVERSOS MUNICÍPIOS - ESTADUAL,1451632.00,0.00,0.00,0.00,0.00,0.00,0.00,0.00
2301,26,782,81,4268,1,0,321,,"PROJETO _ ELABORAÇÃO DE PROJETO PONTE NOVA - BARRA LONGA, NA MG-326",INICIANDO,QUILÔMETRO,1,Sim,Estadual,DIVERSOS MUNICÍPIOS - ESTADUAL,1379051.00,0.00,0.00,0.00,0.00,0.00,0.00,0.00
2301,26,782,81,4268,1,0,322,,"PROJETO _ ELABORAÇÃO DE PROJETO RUBIM - RIO DO PRADO, NA MG-406",INICIANDO,QUILÔMETRO,1,Sim,Estadual,DIVERSOS MUNICÍPIOS - ESTADUAL,1549831.00,0.00,0.00,0.00,0.00,0.00,0.00,0.00
2301,26,782,81,4268,1,0,323,,"PROJETO _ ELABORAÇÃO DE PROJETO SÃO DOMINGOS DO PRATA - DOM SILVÉRIO, NA MGC-120",INICIANDO,QUILÔMETRO,1,Sim,Estadual,DIVERSOS MUNICÍPIOS - ESTADUAL,1609604.00,0.00,0.00,0.00,0.00,0.00,0.00,0.00
2301,26,782,81,4272,1,0,242,,"PONTE RIO JEQUITINHONHA, TRECHO DIAMANTINA - MILHO VERDE, NA LMG-735",INICIANDO,OBRA,1,Sim,Estadual,DIVERSOS MUNICÍPIOS - ESTADUAL,0.00,5985160.00,0.00,0.00,0.00,0.00,0.00,0.00
2301,26,782,81,4272,1,0,264,,"OBRA _ ENCABEÇAMENTO DA PONTE RIO MATIPÓ E INTERSEÇÃO NA RODOVIA LMG-840; PONTE CÓRREGO GRANDE OU CACHOEIRA, NO TRECHO PIMENTA; PONTE RIO MATIPÓ NA RODOVIA LMG-840",INICIANDO,OBRA,1,Sim,Estadual,DIVERSOS MUNICÍPIOS - ESTADUAL,4696458.00,0.00,0.00,0.00,0.00,0.00,0.00,0.00
2301,26,782,81,4272,1,0,265,,PROJETO _ APOIO TÉCNICO PARA VISTORIAS E ELABORAÇÃO DE PROJETO DE RECUPERAÇÃO DE OAE´S,INICIANDO,OBRA,1,Sim,Estadual,DIVERSOS MUNICÍPIOS - ESTADUAL,3415606.00,0.00,0.00,0.00,0.00,0.00,0.00,0.00
2301,26,782,81,4272,1,0,266,,PROJETO _ CONSULTORIA ESPECIALIZADA PARA INSPEÇÕES E ELABORAÇÃO DE PROJETOS DE OAE´S,INICIANDO,OBRA,1,Sim,Estadual,DIVERSOS MUNICÍPIOS - ESTADUAL,5600526.00,0.00,0.00,0.00,0.00,0.00,0.00,0.00
2301,26,782,81,4272,1,0,267,,PROJETO _ ELABORAÇÃO DE PROJETO DE RECUPERAÇÃO ESTRUTURAL DA PONTE SOBRE O RIO PARACATU; ELABORAÇÃO DE PROJETO PONTE RIO JEQUITINHONHA E VARIANTE; ELABORAÇÃO DE PROJETO PONTE RIO SÃO FRANCISCO E VARIANTE,INICIANDO,OBRA,1,Sim,Estadual,DIVERSOS MUNICÍPIOS - ESTADUAL,4653762.00,0.00,0.00,0.00,0.00,0.00,0.00,0.00
2301,26,782,81,4275,1,0,241,,"EXECUÇÃO DE RECUPERAÇÃO FUNCIONAL DO PAVIMENTO DA RODOVIA MG-010, TRECHO CONCEIÇÃO DO MATO DENTRO - SERRO (DISTRITO DE MATO GROSSO), COM EXTENSÃO DE 22,50 KM, INICIANDO NA ESTACA 1090 E FINALIZANDO NA ESTACA 2215.",INICIANDO,QUILÔMETRO,1,Sim,Estadual,DIVERSOS MUNICÍPIOS - ESTADUAL,3612000.00,0.00,0.00,0.00,0.00,0.00,0.00,0.00
2301,26,782,81,4275,1,0,243,,CONTORNO SUL DE UBERLÂNDIA (COMPLEMENTAÇÃO),INICIANDO,QUILÔMETRO,1,Sim,Estadual,DIVERSOS MUNICÍPIOS - ESTADUAL,0.00,2633470.00,0.00,0.00,0.00,0.00,0.00,0.00
2301,26,782,81,4275,1,0,244,,ANEL VIÁRIO DE SETE LAGOAS (COMPLEMENTAÇÃO),INICIANDO,QUILÔMETRO,1,Sim,Estadual,DIVERSOS MUNICÍPIOS - ESTADUAL,0.00,3112283.00,0.00,0.00,0.00,0.00,0.00,0.00
2301,26,782,81,4275,1,0,245,,"EXECUÇÃO DE OBRAS DE MELHORAMENTOS E PAVIMENTAÇÃO EM RODOVIA MUNICIPAL, TRECHO ENTRº LMG-690 (PARACATU) - ENTRº ENTRE RIBEIROS (DISTRITO) - ENTRº MG-181 (ESTACA 1250 A 2000)",INICIANDO,QUILÔMETRO,1,Sim,Estadual,DIVERSOS MUNICÍPIOS - ESTADUAL,0.00,4002000.00,0.00,0.00,0.00,0.00,0.00,0.00
2301,26,782,81,4275,1,0,246,,"EXECUÇÃO DE RECUPERAÇÃO FUNCIONAL DO PAVIMENTO DA RODOVIA MG-010, TRECHO CONCEIÇÃO DO MATO DENTRO - SERRO (DISTRITO DE MATO GROSSO), COM EXTENSÃO DE 22,50 KM, INICIANDO NA ESTACA 1090 E FINALIZANDO NA ESTACA 2215.",INICIANDO,QUILÔMETRO,1,Sim,Estadual,DIVERSOS MUNICÍPIOS - ESTADUAL,0.00,8002000.00,0.00,0.00,0.00,0.00,0.00,0.00
2301,26,782,81,4275,1,0,256,,"MATERIAL BETUMINOSO _ CAMBUÍ - CONSOLAÇÃO, NA RODOVIA MG-295",INICIANDO,QUILÔMETRO,1,Sim,Estadual,DIVERSOS MUNICÍPIOS - ESTADUAL,1383320.00,0.00,0.00,0.00,0.00,0.00,0.00,0.00
2301,26,782,81,4275,1,0,257,,"MATERIAL BETUMINOSO _ ITAPAGIPE - ENTR. BR-364 (CAMPINA VERDE), NA MGT-154, LOTE 01",INICIANDO,QUILÔMETRO,1,Sim,Estadual,DIVERSOS MUNICÍPIOS - ESTADUAL,1998129.00,0.00,0.00,0.00,0.00,0.00,0.00,0.00
2301,26,782,81,4275,1,0,258,,"MATERIAL BETUMINOSO _ JANUÁRIA - TEJUCO - PANDEIROS, NA MGC-479",INICIANDO,QUILÔMETRO,1,Sim,Estadual,DIVERSOS MUNICÍPIOS - ESTADUAL,4611068.00,0.00,0.00,0.00,0.00,0.00,0.00,0.00
2301,26,782,81,4275,1,0,259,,"MATERIAL BETUMINOSO _ PAULA CÂNDIDO - ENTR. MG-124 (DIVINÉSIA), NA MG-280",INICIANDO,QUILÔMETRO,1,Sim,Estadual,DIVERSOS MUNICÍPIOS - ESTADUAL,768511.00,0.00,0.00,0.00,0.00,0.00,0.00,0.00
2301,26,782,81,4275,1,0,260,,"MATERIAL BETUMINOSO _ PIMENTA - ENTR. BR-265 (GUAPÉ), NA RODOVIA MG-170",INICIANDO,QUILÔMETRO,1,Sim,Estadual,DIVERSOS MUNICÍPIOS - ESTADUAL,3842556.00,0.00,0.00,0.00,0.00,0.00,0.00,0.00
2301,26,782,81,4275,1,0,261,,"OBRA _ JANUÁRIA - TEJUCO - PANDEIROS, NA MGC-479",INICIANDO,QUILÔMETRO,1,Sim,Estadual,DIVERSOS MUNICÍPIOS - ESTADUAL,34156058.00,0.00,0.00,0.00,0.00,0.00,0.00,0.00
2301,26,782,81,4275,1,0,262,,"OBRA _ PAULA CÂNDIDO - ENTR. MG-124 (DIVINÉSIA), NA MG-280",INICIANDO,QUILÔMETRO,1,Sim,Estadual,DIVERSOS MUNICÍPIOS - ESTADUAL,13491642.00,0.00,0.00,0.00,0.00,0.00,0.00,0.00
2301,26,782,81,4275,1,0,263,,"PROJETO _ ELABORAÇÃO DE PROJETO ENTR. BR-040 - VAZANTE, NA LMG-706",INICIANDO,QUILÔMETRO,1,Sim,Estadual,DIVERSOS MUNICÍPIOS - ESTADUAL,1852966.00,0.00,0.00,0.00,0.00,0.00,0.00,0.00
2301,26,782,81,4287,1,0,467,,"MARLIÉRIA - ENTR. LMG-760 (PARQUE ESTADUAL RIO DOCE) E SÃO JOSÉ DO GOIABAL (ENTR. BR-262) - PARQUE ESTADUAL RIO DOCE - CAVA GRANDE (TIMÓTEO), NA LMG-760",INICIANDO,UNIDADE,1,Não,Região Intermediária de Juíz de Fora,RIO DOCE,0.00,20400000.00,0.00,0.00,0.00,0.00,0.00,0.00
2301,26,782,81,4288,1,0,85,,"ACORDO JUDICIAL PARA REPARAÇÃO INTEGRAL RELATIVA AO ROMPIMENTO DAS BARRAGENS B-I, B-IV E B-IV",INICIANDO,QUILÔMETRO,27,Não,Região Intermediária de Belo Horizonte,BRUMADINHO,0.00,5000000.00,0.00,0.00,0.00,0.00,0.00,0.00
2301,26,782,81,4289,1,0,98,,"ACORDO JUDICIAL PARA REPARAÇÃO INTEGRAL RELATIVA AO ROMPIMENTO DAS BARRAGENS B-I, B-IV E B-IV",INICIANDO,UNIDADE,1,Não,Região Intermediária de Belo Horizonte,BRUMADINHO,0.00,186139750.00,0.00,0.00,0.00,0.00,0.00,0.00
2301,26,782,81,4293,1,0,324,,CONSERVAÇÃO DAS 40ª URG´S,INICIANDO,% (PERCENTUAL),25,Sim,Estadual,DIVERSOS MUNICÍPIOS - ESTADUAL,99736222.00,0.00,0.00,0.00,0.00,0.00,0.00,0.00
2301,26,782,81,4293,1,0,325,,CONSERVAÇÃO DAS 40ª URG´S,INICIANDO,% (PERCENTUAL),25,Sim,Estadual,DIVERSOS MUNICÍPIOS - ESTADUAL,0.00,227804692.00,0.00,0.00,0.00,0.00,0.00,0.00
2301,26,782,81,4293,1,0,326,,CONSERVAÇÃO DAS 40ª URG´S,INICIANDO,% (PERCENTUAL),25,Sim,Estadual,DIVERSOS MUNICÍPIOS - ESTADUAL,0.00,68322234.00,0.00,0.00,0.00,0.00,0.00,0.00
2301,26,782,81,4293,1,0,327,,CONSERVAÇÃO DAS 40ª URG´S,INICIANDO,% (PERCENTUAL),25,Sim,Estadual,DIVERSOS MUNICÍPIOS - ESTADUAL,0.00,12855984.00,0.00,0.00,0.00,0.00,0.00,0.00
2301,26,782,81,4385,1,0,269,,"RECUPERAÇÃO FUNCIONAL TRECHO ÁGUAS FORMOSAS - MACHACALIS - BERTÓPOLIS, MACHACALIS - UMBURATIBA E ENTRº LMG-682 - SANTA HELENA DE MINAS",INICIANDO,QUILÔMETRO,1,Sim,Estadual,DIVERSOS MUNICÍPIOS - ESTADUAL,50591561.00,0.00,0.00,0.00,0.00,0.00,0.00,0.00
2301,26,782,81,4385,1,0,270,,RECUPERAÇÃO FUNCIONAL TRECHO CAMANDUCAIA - MONTE VERDE,INICIANDO,QUILÔMETRO,1,Sim,Estadual,DIVERSOS MUNICÍPIOS - ESTADUAL,17457130.00,0.00,0.00,0.00,0.00,0.00,0.00,0.00
2301,26,782,81,4385,1,0,271,,RECUPERAÇÃO FUNCIONAL TRECHO CAPELA NOVA – ENTRº BR-040 (CARANDAÍ),INICIANDO,QUILÔMETRO,1,Sim,Estadual,DIVERSOS MUNICÍPIOS - ESTADUAL,13540263.00,0.00,0.00,0.00,0.00,0.00,0.00,0.00
2301,26,782,81,4385,1,0,272,,RECUPERAÇÃO FUNCIONAL TRECHO COROMANDEL - PATROCÍNIO,INICIANDO,QUILÔMETRO,1,Sim,Estadual,DIVERSOS MUNICÍPIOS - ESTADUAL,38444745.00,0.00,0.00,0.00,0.00,0.00,0.00,0.00
2301,26,782,81,4385,1,0,273,,RECUPERAÇÃO FUNCIONAL TRECHO CRISTAIS - ENTRº MGC-369,INICIANDO,QUILÔMETRO,1,Sim,Estadual,DIVERSOS MUNICÍPIOS - ESTADUAL,5055267.00,0.00,0.00,0.00,0.00,0.00,0.00,0.00
2301,26,782,81,4385,1,0,274,,RECUPERAÇÃO FUNCIONAL TRECHO CRISTAIS - ENTRº MGC-370,INICIANDO,QUILÔMETRO,1,Sim,Estadual,DIVERSOS MUNICÍPIOS - ESTADUAL,3066862.00,0.00,0.00,0.00,0.00,0.00,0.00,0.00
2301,26,782,81,4385,1,0,275,,RECUPERAÇÃO FUNCIONAL TRECHO ENTRº MG-173 - GONÇALVES,INICIANDO,QUILÔMETRO,1,Sim,Estadual,DIVERSOS MUNICÍPIOS - ESTADUAL,6256814.00,0.00,0.00,0.00,0.00,0.00,0.00,0.00
2301,26,782,81,4385,1,0,276,,RECUPERAÇÃO FUNCIONAL TRECHO ENTRº BR-040 - SÃO SEBASTIÃO DAS ÁGUAS CLARAS,INICIANDO,QUILÔMETRO,1,Sim,Estadual,DIVERSOS MUNICÍPIOS - ESTADUAL,3865999.00,0.00,0.00,0.00,0.00,0.00,0.00,0.00
2301,26,782,81,4385,1,0,277,,RECUPERAÇÃO FUNCIONAL TRECHO ENTRº BR-365 (PIRAPORA) - ENTRº BR-135 (CORINTO),INICIANDO,QUILÔMETRO,1,Sim,Estadual,DIVERSOS MUNICÍPIOS - ESTADUAL,8231610.00,0.00,0.00,0.00,0.00,0.00,0.00,0.00
2301,26,782,81,4385,1,0,278,,RECUPERAÇÃO FUNCIONAL TRECHO ENTRº BR-365 P/PATROCÍNIO - ENTRº MG-187 (DIV. 07/18 URG) - ENTRº BR-146 P/SERRA DO SALITRE,INICIANDO,QUILÔMETRO,1,Sim,Estadual,DIVERSOS MUNICÍPIOS - ESTADUAL,28765874.00,0.00,0.00,0.00,0.00,0.00,0.00,0.00
2301,26,782,81,4385,1,0,279,,RECUPERAÇÃO FUNCIONAL TRECHO ENTRº BR-459 (P/ITAJUBÁ) - DELFIM MOREIRA - MARMELÓPOLIS E ENTRº BR-459 (P/ SP) E DELFIM MOREIRA,INICIANDO,QUILÔMETRO,1,Sim,Estadual,DIVERSOS MUNICÍPIOS - ESTADUAL,24537105.00,0.00,0.00,0.00,0.00,0.00,0.00,0.00
2301,26,782,81,4385,1,0,280,,RECUPERAÇÃO FUNCIONAL TRECHO ENTRº LMG-634 (P/ALMENARA) - MATA VERDE,INICIANDO,QUILÔMETRO,1,Sim,Estadual,DIVERSOS MUNICÍPIOS - ESTADUAL,5762127.00,0.00,0.00,0.00,0.00,0.00,0.00,0.00
2301,26,782,81,4385,1,0,281,,RECUPERAÇÃO FUNCIONAL TRECHO ENTRº MG-010 - SETE LAGOAS,INICIANDO,QUILÔMETRO,1,Sim,Estadual,DIVERSOS MUNICÍPIOS - ESTADUAL,81257746.00,0.00,0.00,0.00,0.00,0.00,0.00,0.00
2301,26,782,81,4385,1,0,282,,RECUPERAÇÃO FUNCIONAL TRECHO ENTRº MGC-383 (P/ CRISTINA) - ENTRº MGC-460 (CARMO DE MINAS),INICIANDO,QUILÔMETRO,1,Sim,Estadual,DIVERSOS MUNICÍPIOS - ESTADUAL,8952840.00,0.00,0.00,0.00,0.00,0.00,0.00,0.00
2301,26,782,81,4385,1,0,283,,RECUPERAÇÃO FUNCIONAL TRECHO FINAL DO PERÍMETRO URBANO DE BORDA DA MATA - INÍCIO DO PERÍMETRO URBANO DE TOCOS DO MOJI,INICIANDO,QUILÔMETRO,1,Sim,Estadual,DIVERSOS MUNICÍPIOS - ESTADUAL,7630261.00,0.00,0.00,0.00,0.00,0.00,0.00,0.00
2301,26,782,81,4385,1,0,284,,RECUPERAÇÃO FUNCIONAL TRECHO GUARANI - DESCOBERTO,INICIANDO,QUILÔMETRO,1,Sim,Estadual,DIVERSOS MUNICÍPIOS - ESTADUAL,14213726.00,0.00,0.00,0.00,0.00,0.00,0.00,0.00
2301,26,782,81,4385,1,0,285,,RECUPERAÇÃO FUNCIONAL TRECHO GUARDA MOR - COROMANDEL,INICIANDO,QUILÔMETRO,1,Sim,Estadual,DIVERSOS MUNICÍPIOS - ESTADUAL,62472711.00,0.00,0.00,0.00,0.00,0.00,0.00,0.00
2301,26,782,81,4385,1,0,286,,RECUPERAÇÃO FUNCIONAL TRECHO JORDÂNIA - ALMENARA E BANDEIRA - ENTRº LMG-634,INICIANDO,QUILÔMETRO,1,Sim,Estadual,DIVERSOS MUNICÍPIOS - ESTADUAL,8231610.00,0.00,0.00,0.00,0.00,0.00,0.00,0.00
2301,26,782,81,4385,1,0,287,,RECUPERAÇÃO FUNCIONAL TRECHO MARTINHO CAMPOS - BOM DESPACHO E ENTRº BR-352 - ALBERT ISAACSON,INICIANDO,QUILÔMETRO,1,Sim,Estadual,DIVERSOS MUNICÍPIOS - ESTADUAL,5762127.00,0.00,0.00,0.00,0.00,0.00,0.00,0.00
2301,26,782,81,4385,1,0,288,,RECUPERAÇÃO FUNCIONAL TRECHO MIRAÍ - GUIRICEMA,INICIANDO,QUILÔMETRO,1,Sim,Estadual,DIVERSOS MUNICÍPIOS - ESTADUAL,20982167.00,0.00,0.00,0.00,0.00,0.00,0.00,0.00
2301,26,782,81,4385,1,0,289,,RECUPERAÇÃO FUNCIONAL TRECHO NOVA PORTEIRINHA - JANAÚBA - ENTRº BR-251 E ENTRº MGC-122 - CAPITÃO ENÉAS,INICIANDO,QUILÔMETRO,1,Sim,Estadual,DIVERSOS MUNICÍPIOS - ESTADUAL,8231610.00,0.00,0.00,0.00,0.00,0.00,0.00,0.00
2301,26,782,81,4385,1,0,290,,RECUPERAÇÃO FUNCIONAL TRECHO OURO PRETO - OURO BRANCO,INICIANDO,QUILÔMETRO,1,Sim,Estadual,DIVERSOS MUNICÍPIOS - ESTADUAL,19966901.00,0.00,0.00,0.00,0.00,0.00,0.00,0.00
2301,26,782,81,4385,1,0,291,,RECUPERAÇÃO FUNCIONAL TRECHO PASSA TEMPO - CARMÓPOLIS,INICIANDO,QUILÔMETRO,1,Sim,Estadual,DIVERSOS MUNICÍPIOS - ESTADUAL,15567414.00,0.00,0.00,0.00,0.00,0.00,0.00,0.00
2301,26,782,81,4385,1,0,292,,RECUPERAÇÃO FUNCIONAL TRECHO PRESIDENTE BERNARDES - ENTRº BR-482 (PORTO FIRME),INICIANDO,QUILÔMETRO,1,Sim,Estadual,DIVERSOS MUNICÍPIOS - ESTADUAL,9746555.00,0.00,0.00,0.00,0.00,0.00,0.00,0.00
2301,26,782,81,4385,1,0,293,,RECUPERAÇÃO FUNCIONAL TRECHO SANTA CRUZ DO ESCALVADO - ENTRº MG-329,INICIANDO,QUILÔMETRO,1,Sim,Estadual,DIVERSOS MUNICÍPIOS - ESTADUAL,11709403.00,0.00,0.00,0.00,0.00,0.00,0.00,0.00
2301,26,782,81,4385,1,0,294,,RECUPERAÇÃO FUNCIONAL TRECHO SERICITA - ENTRº BR-262,INICIANDO,QUILÔMETRO,1,Sim,Estadual,DIVERSOS MUNICÍPIOS - ESTADUAL,13130776.00,0.00,0.00,0.00,0.00,0.00,0.00,0.00
2311,12,363,7,4006,1,0,71,,Construção de escolas em atendimento ao Plano de Ações Articuladas PAR na cidade de Unaí-MG,INICIANDO,ALUNO,560,Não,Região Intermediária de Patos de Minas,UNAÍ,0.00,7311390.00,0.00,0.00,0.00,0.00,0.00,0.00
2321,10,302,87,4222,1,0,113,,Execução de reforma da unidade de Ituiutaba,INICIANDO,UNIDADE,1,Sim,Região Intermediária de Uberlândia,ITUIUTABA,80539.00,309171.00,0.00,0.00,0.00,0.00,0.00,0.00
2321,10,302,87,4222,1,0,114,,CONSTRUCAO DO HEMONUCLEO DE PONTE NOVA,EXECUÇÃO,UNIDADE,1,Sim,Região Intermediária de Juíz de Fora,PONTE NOVA,5214112.00,3180000.00,0.00,0.00,0.00,0.00,0.00,0.00
2321,10,302,87,4222,1,0,118,,REFORMA DE UNIDADE DE ATENÇÃO ESPECIALIZADA EM SAÚDE,INICIANDO,UNIDADE,1,Sim,Região Intermediária de Uberlândia,UBERLÂNDIA,0.00,501382.00,0.00,0.00,0.00,0.00,0.00,0.00
2321,10,302,87,4222,1,0,119,,Pojetos executivos para várias unidades da Fundação Hemominas,INICIANDO,UNIDADE,18,Sim,Região Intermediária de Belo Horizonte,BELO HORIZONTE,4517798.00,0.00,0.00,0.00,0.00,0.00,0.00,0.00
2361,9,274,767,2114,1,0,125,,REFORMA DA NOVA SEDE,EXECUÇÃO,R$ MIL,2850,Não,Região Intermediária de Belo Horizonte,BELO HORIZONTE,0.00,4754406.00,0.00,4754406.00,0.00,4754406.00,0.00,4754406.00
3051,12,364,15,4016,1,0,99,,CONSTRUÇÃO E MODIFICAÇÕES NECESSÁRIAS À MANUTENÇÃO DA ATIVIDADE DE ENSINO SUPERIOR EM AGROPECUÁRIA DE PRECISÃO.,INICIANDO,UNIDADE,1,Sim,Região Intermediária de Divinópolis,PITANGUI,8293093.00,0.00,0.00,0.00,0.00,0.00,0.00,0.00
3051,12,364,15,4016,1,0,100,,CONSTRUÇÃO E MODIFICAÇÕES NECESSÁRIAS À MANUTENÇÃO DA ATIVIDADE DE ENSINO SUPERIOR EM LATICÍNIOS.,INICIANDO,UNIDADE,1,Sim,Região Intermediária de Juíz de Fora,JUIZ DE FORA,1418986.00,0.00,0.00,0.00,0.00,0.00,0.00,0.00
3051,19,571,16,4018,1,0,77,,INVESTIMENTO EM MELHORIAS DA INFRAESTUTURA DE PESQUISA AGROPECUÁRIA.,INICIANDO,UNIDADE,1,Sim,Região Intermediária de Belo Horizonte,BELO HORIZONTE,0.00,1365100.00,0.00,0.00,0.00,0.00,0.00,0.00
3051,19,571,16,4018,1,0,103,,INVESTIMENTO EM MELHORIAS DA INFRAESTUTURA DE PESQUISA AGROPECUÁRIA.,INICIANDO,UNIDADE,1,Sim,Região Intermediária de Pouso Alegre,MARIA DA FÉ,0.00,393453.00,0.00,0.00,0.00,0.00,0.00,0.00
3051,19,571,16,4018,1,0,104,,INVESTIMENTO EM MELHORIAS DA INFRAESTUTURA DE PESQUISA AGROPECUÁRIA.,INICIANDO,UNIDADE,1,Sim,Região Intermediária de Pouso Alegre,CALDAS,0.00,1362002.00,0.00,0.00,0.00,0.00,0.00,0.00
4031,2,61,706,2091,1,0,338,,Construção do novo prédio do Fórum da Comarca de Areado/MG,EXECUÇÃO,UNIDADE,1,Sim,Região Intermediária de Varginha,AREADO,0.00,5956080.00,0.00,0.00,0.00,0.00,0.00,0.00
4031,2,61,706,2091,1,0,341,,Obra de construção do novo Fórum da Comarca de Andrelândia/MG.,EXECUÇÃO,UNIDADE,1,Sim,Região Intermediária de Juíz de Fora,ANDRELÂNDIA,0.00,6243895.00,0.00,0.00,0.00,0.00,0.00,0.00
4031,2,61,706,2091,1,0,343,,Contrato a retomada da obra de construção do novo prédio do Fórum da Comarca de Barbacena/MG,EXECUÇÃO,UNIDADE,1,Sim,Região Intermediária de Barbacena,BARBACENA,0.00,29647771.00,0.00,0.00,0.00,0.00,0.00,0.00
4031,2,61,706,2091,1,0,344,,Construção do novo prédio do Fórum da Comarca de Betim/MG,EXECUÇÃO,UNIDADE,28,Não,Região Intermediária de Belo Horizonte,BETIM,0.00,29086632.00,0.00,37354991.00,0.00,0.00,0.00,0.00
4031,2,61,706,2091,1,0,345,,"Reforma geral do Fórum Lafayette, em Belo Horizonte/MG",EXECUÇÃO,UNIDADE,1,Sim,Região Intermediária de Belo Horizonte,BELO HORIZONTE,0.00,60595200.00,0.00,28524747.00,0.00,0.00,0.00,0.00
4031,2,61,706,2091,1,0,346,,"Obra de restauração e adaptação predial do Palácio da Justiça, localizado na Avenida Afonso Pena, nº. 1.420, Centro, Belo Horizonte/MG",EXECUÇÃO,PORCENTAGEM DE OBRA REALIZADA,10,Sim,Região Intermediária de Belo Horizonte,BELO HORIZONTE,0.00,15713441.00,0.00,0.00,0.00,0.00,0.00,0.00
4031,2,61,706,2091,1,0,347,,Construção do novo prédio do Fórum da Comarca de Camanducaia/MG,EXECUÇÃO,UNIDADE,1,Sim,Região Intermediária de Pouso Alegre,CAMANDUCAIA,0.00,6371627.00,0.00,0.00,0.00,0.00,0.00,0.00
4031,2,61,706,2091,1,0,348,,Contrato a construção do novo prédio do Fórum da Comarca de Coração de Jesus,EXECUÇÃO,UNIDADE,1,Sim,Região Intermediária de Montes Claros,CORAÇÃO DE JESUS,0.00,4888187.00,0.00,0.00,0.00,0.00,0.00,0.00
4031,2,61,706,2091,1,0,349,,Construção do novo prédio do Fórum da Comarca de Governador Valadares,EXECUÇÃO,UNIDADE,1,Sim,Região Intermediária de Governador Valadares,GOVERNADOR VALADARES,0.00,30556619.00,0.00,0.00,0.00,0.00,0.00,0.00
4031,2,61,706,2091,1,0,350,,Contrato a construção do novo prédio do Fórum da Comarca de Guarani/MG,EXECUÇÃO,UNIDADE,1,Sim,Região Intermediária de Juíz de Fora,GUARANI,0.00,1413076.00,0.00,0.00,0.00,0.00,0.00,0.00
4031,2,61,706,2091,1,0,351,,Contrato a retomada da construção do novo Fórum da Comarca de Ibirité/MG,EXECUÇÃO,UNIDADE,1,Sim,Região Intermediária de Belo Horizonte,IBIRITÉ,0.00,12445680.00,0.00,0.00,0.00,0.00,0.00,0.00
4031,2,61,706,2091,1,0,352,,Contrato a execução de obras de reforma e ampliação do Fórum da Comarca de Igarapé/MG,EXECUÇÃO,UNIDADE,1,Sim,Região Intermediária de Belo Horizonte,IGARAPÉ,0.00,8883525.00,0.00,0.00,0.00,0.00,0.00,0.00
4031,2,61,706,2091,1,0,353,,Reforma e ampliação do Fórum da Comarca de Ipanema/MG,EXECUÇÃO,UNIDADE,1,Sim,Região Intermediária de Juíz de Fora,IPANEMA,0.00,2893112.00,0.00,0.00,0.00,0.00,0.00,0.00
4031,2,61,706,2091,1,0,354,,Contrato a execução da obra de reforma e ampliação do Fórum da Comarca de Ipatinga/MG,EXECUÇÃO,PORCENTAGEM DE OBRA REALIZADA,10,Sim,Região Intermediária de Ipatinga,IPATINGA,0.00,23154808.00,0.00,0.00,0.00,0.00,0.00,0.00
4031,2,61,706,2091,1,0,355,,Obra de construção do novo prédio do Fórum da Comarca de Juiz de Fora.,EXECUÇÃO,PORCENTAGEM DE OBRA REALIZADA,10,Sim,Região Intermediária de Juíz de Fora,JUIZ DE FORA,0.00,13277349.00,0.00,10000000.00,0.00,0.00,0.00,0.00
4031,2,61,706,2091,1,0,356,,Retomada da construção do novo Fórum da Comarca de Mateus Leme/,EXECUÇÃO,UNIDADE,1,Sim,Região Intermediária de Belo Horizonte,MATEUS LEME,0.00,2635417.00,0.00,0.00,0.00,0.00,0.00,0.00
4031,2,61,706,2091,1,0,357,,Contrato a retomada da construção do novo prédio do Fórum da Comarca de Minas Novas/MG,EXECUÇÃO,UNIDADE,1,Sim,Região Intermediária de Teófilo Otoni,MINAS NOVAS,0.00,2460571.00,0.00,0.00,0.00,0.00,0.00,0.00
4031,2,61,706,2091,1,0,358,,Obra de construção do novo Fórum da Comarca de Montalvânia/MG.,EXECUÇÃO,UNIDADE,1,Sim,Região Intermediária de Montes Claros,MONTALVÂNIA,0.00,4384188.00,0.00,0.00,0.00,0.00,0.00,0.00
4031,2,61,706,2091,1,0,359,,Reforma e Ampliação do Fórum da Comarca de Monte Belo/MG,EXECUÇÃO,PORCENTAGEM DE OBRA REALIZADA,10,Sim,Região Intermediária de Varginha,MONTE BELO,0.00,3521927.00,0.00,3380482.00,0.00,0.00,0.00,0.00
4031,2,61,706,2091,1,0,360,,Contrato a construção do novo prédio do Fórum da Comarca de Palma/MG,EXECUÇÃO,UNIDADE,1,Sim,Região Intermediária de Juíz de Fora,PALMA,0.00,926947.00,0.00,0.00,0.00,0.00,0.00,0.00
4031,2,61,706,2091,1,0,361,,Construção do novo prédio do Fórum da Comarca de Pitangui/MG,EXECUÇÃO,UNIDADE,1,Sim,Região Intermediária de Divinópolis,PITANGUI,0.00,6438640.00,0.00,0.00,0.00,0.00,0.00,0.00
4031,2,61,706,2091,1,0,362,,Contrato a obra de reforma e ampliação do Fórum da Comarca de Teófilo Otoni/MG,EXECUÇÃO,UNIDADE,1,Sim,Região Intermediária de Teófilo Otoni,TEÓFILO OTONI,0.00,1785448.00,0.00,0.00,0.00,0.00,0.00,0.00
4031,2,61,706,2091,1,0,363,,Contrato a execução de obras de construção do novo prédio do Fórum da Comarca de Vespasiano/MG,EXECUÇÃO,UNIDADE,1,Sim,Região Intermediária de Belo Horizonte,VESPASIANO,0.00,11774850.00,0.00,0.00,0.00,0.00,0.00,0.00
4031,2,61,706,2091,1,0,364,,Modernização de quatro elevadores (ANEXO I),EXECUÇÃO,PORCENTAGEM DE OBRA REALIZADA,10,Sim,Região Intermediária de Belo Horizonte,BELO HORIZONTE,0.00,516930.00,0.00,0.00,0.00,0.00,0.00,0.00
4031,2,61,706,2091,1,0,365,,"Modernização de três elevadores JESP CONSUMO – R. PADRE ROLIM, Nº 424 / BELO HZTE",EXECUÇÃO,PORCENTAGEM DE OBRA REALIZADA,10,Sim,Região Intermediária de Belo Horizonte,BELO HORIZONTE,0.00,330410.00,0.00,0.00,0.00,0.00,0.00,0.00
4031,2,61,706,2091,1,0,366,,Sistema de Modernização Audiovisual dos Plenários do Edifício Sede e Edifício Francisco Sales do Tribunal de Justiça de Minas Gerais.,EXECUÇÃO,PORCENTAGEM DE OBRA REALIZADA,10,Sim,Região Intermediária de Belo Horizonte,BELO HORIZONTE,0.00,173128.00,0.00,0.00,0.00,0.00,0.00,0.00
4031,2,61,706,2091,1,0,367,,"Prestação de serviço técnico especializado de avaliação de conformidade do projeto estrutural de reforma e ampliação do Edifício Sede do TRIBUNAL, localizado em Belo Horizonte/MG",EXECUÇÃO,PORCENTAGEM DE OBRA REALIZADA,10,Sim,Região Intermediária de Belo Horizonte,BELO HORIZONTE,0.00,65000.00,0.00,0.00,0.00,0.00,0.00,0.00
4031,2,61,706,2091,1,0,368,,"Serviço técnico profissional especializado de elaboração de projetos para construções, ampliações e/ou reformas de edificações do TRIBUNAL em diversas comarcas.",EXECUÇÃO,PORCENTAGEM DE OBRA REALIZADA,10,Sim,Estadual,DIVERSOS MUNICÍPIOS - ESTADUAL,0.00,2224014.00,0.00,2224014.00,0.00,1297341.00,0.00,0.00
4031,2,61,706,2091,1,0,369,,Prestação de serviço técnico de engenharia de memória de cálculo dos ajustes e coordenograma do relé de proteção secundário para subestações.,EXECUÇÃO,PORCENTAGEM DE OBRA REALIZADA,10,Sim,Estadual,DIVERSOS MUNICÍPIOS - ESTADUAL,0.00,80526.00,0.00,0.00,0.00,0.00,0.00,0.00
4031,2,61,706,2091,1,0,370,,"prestação de serviço por empresa de engenharia especializada para a elaboração de estudo, projeto executivo, fornecimento, instalação, comissionamento, monitoramento, assistência técnica em garantia e manutenção de sistemas de geração de energia fotovoltaica em diversas edificações ocupadas pelo TJ.",EXECUÇÃO,PORCENTAGEM DE OBRA REALIZADA,10,Sim,Estadual,DIVERSOS MUNICÍPIOS - ESTADUAL,0.00,1502849.00,0.00,0.00,0.00,0.00,0.00,0.00
4031,2,61,706,2091,1,0,373,,Execução da retomada da obra de reforma e ampliação da edificação do Fórum da Comarca de Cachoeira de Minas/MG.,EXECUÇÃO,UNIDADE,1,Sim,Região Intermediária de Pouso Alegre,CACHOEIRA DE MINAS,0.00,1983976.00,0.00,0.00,0.00,0.00,0.00,0.00
4031,2,61,706,2091,1,0,374,,Obra de construção do novo Fórum da Comarca de Salinas/MG,INICIANDO,UNIDADE,1,Sim,Região Intermediária de Montes Claros,SALINAS,0.00,11685801.00,0.00,0.00,0.00,0.00,0.00,0.00
4031,2,61,706,2091,1,0,376,,Construção do novo prédio do Fórum da Comarca de Campina Verde/MG,INICIANDO,UNIDADE,1,Sim,Região Intermediária de Uberlândia,CAMPINA VERDE,0.00,7474450.00,0.00,0.00,0.00,0.00,0.00,0.00
4031,2,61,706,2091,1,0,377,,Construção do novo prédio do Fórum da Comarca de Caldas/MG,INICIANDO,UNIDADE,1,Sim,Região Intermediária de Pouso Alegre,CALDAS,0.00,7474540.00,0.00,0.00,0.00,0.00,0.00,0.00
4031,2,61,706,2091,1,0,378,,Reforma parcial do Fórum da Comarca de Itamonte/MG.,INICIANDO,UNIDADE,1,Sim,Região Intermediária de Pouso Alegre,ITAMONTE,0.00,980282.00,0.00,0.00,0.00,0.00,0.00,0.00
4031,2,61,706,2091,1,0,379,,Contratação de empresa especializada para verificação de conformidade e emissão de parecer relativo ao projeto de esquadrias na obra de Reforma do Fórum Lafayette,INICIANDO,PORCENTAGEM DE OBRA REALIZADA,10,Sim,Região Intermediária de Belo Horizonte,BELO HORIZONTE,0.00,2781.00,0.00,0.00,0.00,0.00,0.00,0.00
4031,2,61,706,2091,1,0,391,,"Prestação de serviço técnico-profissional especializado de elaboração de projetos executivos, especificação técnica, orçamento e planejamento para ampliação do edifício sede do TRIBUNAL",EXECUÇÃO,UNIDADE,28,Sim,Região Intermediária de Belo Horizonte,BELO HORIZONTE,0.00,261742.00,0.00,0.00,0.00,0.00,0.00,0.00
4031,2,61,706,2091,1,0,392,,"Elaboração de projetos para construções, ampliações e / ou reformas de edificações do Tribunal em diversas comarcas",EXECUÇÃO,PORCENTAGEM DE OBRA REALIZADA,10,Sim,Estadual,DIVERSOS MUNICÍPIOS - ESTADUAL,0.00,574526.00,0.00,0.00,0.00,0.00,0.00,0.00
4031,2,61,706,2091,1,0,393,,"Prestação de serviço técnico-profissional especializado de elaboração de projetos executivos, especificação técnica, orçamento e planejamento para ampliação do edifício sede do TRIBUNAL",EXECUÇÃO,PORCENTAGEM DE OBRA REALIZADA,10,Sim,Região Intermediária de Belo Horizonte,BELO HORIZONTE,0.00,290056.00,0.00,0.00,0.00,0.00,0.00,0.00
4031,2,61,706,2091,1,0,394,,"elaboração de projetos estruturais desuperestrutura, fundação (mesoestrutura e infraestrutura)e demais elementos estruturais necessários à implantação de uma edificação.",EXECUÇÃO,PORCENTAGEM DE OBRA REALIZADA,10,Sim,Estadual,DIVERSOS MUNICÍPIOS - ESTADUAL,0.00,23383.00,0.00,0.00,0.00,0.00,0.00,0.00
4031,2,61,706,2091,1,0,395,,BH EJEF - REFORMA GERAL,INICIANDO,PORCENTAGEM DE OBRA REALIZADA,10,Sim,Região Intermediária de Belo Horizonte,BELO HORIZONTE,0.00,24949508.00,0.00,0.00,0.00,0.00,0.00,0.00
4031,2,61,706,2091,1,0,396,,BH CEOP MURO,INICIANDO,PORCENTAGEM DE OBRA REALIZADA,10,Sim,Região Intermediária de Belo Horizonte,BELO HORIZONTE,0.00,225405.00,0.00,0.00,0.00,0.00,0.00,0.00
4031,2,61,706,2091,1,0,397,,ITAJUBÁ - CONSTRUÇÃO NOVO FÓRUM,EXECUÇÃO,PORCENTAGEM DE OBRA REALIZADA,10,Sim,Região Intermediária de Pouso Alegre,ITAJUBÁ,0.00,4564282.00,0.00,0.00,0.00,0.00,0.00,0.00
4031,2,61,706,2091,1,0,398,,ITAÚNA - CONSTRUÇÃO NOVO FÓRUM PAD. P9 - RETOMADA DA OBRA,EXECUÇÃO,PORCENTAGEM DE OBRA REALIZADA,10,Sim,Região Intermediária de Divinópolis,ITAÚNA,0.00,14223089.00,0.00,0.00,0.00,0.00,0.00,0.00
4031,2,61,706,2091,1,0,399,,MONTES CLAROS - CONSTRUÇÃO NOVO FÓRUM PAD. - P24,EXECUÇÃO,UNIDADE,1,Sim,Região Intermediária de Montes Claros,MONTES CLAROS,0.00,12451930.00,0.00,0.00,0.00,0.00,0.00,0.00
4031,2,61,706,2091,1,0,400,,PARÁ DE MINAS - CONSTRUÇÃO DO NOVO FÓRUM - PAD. P9 - RETOMADA DA OBRA,EXECUÇÃO,UNIDADE,1,Sim,Região Intermediária de Divinópolis,PARÁ DE MINAS,0.00,19677622.00,0.00,0.00,0.00,0.00,0.00,0.00
4031,2,61,706,2091,1,0,401,,POÇOS DE CALDAS - CONSTRUÇÃO NOVO FÓRUM PAF. NLN6 - RETOMADA DA OBRA,EXECUÇÃO,PORCENTAGEM DE OBRA REALIZADA,10,Sim,Região Intermediária de Pouso Alegre,POÇOS DE CALDAS,0.00,10731360.00,0.00,0.00,0.00,0.00,0.00,0.00
4031,2,61,706,2091,1,0,402,,DIVERSAS COMARCAS - PRESTAÇÃO DE SERVIÇOS TÉCNICOS ESPECIALIZADOS.,EXECUÇÃO,PORCENTAGEM DE OBRA REALIZADA,10,Sim,Estadual,DIVERSOS MUNICÍPIOS - ESTADUAL,0.00,48899.00,0.00,0.00,0.00,0.00,0.00,0.00
4031,2,61,706,2091,1,0,403,,"BH - ED, SEDE - 3ª PARCELA (2º SUBSOLO E DATA CENTER",INICIANDO,PORCENTAGEM DE OBRA REALIZADA,10,Sim,Região Intermediária de Belo Horizonte,BELO HORIZONTE,0.00,7305961.00,0.00,0.00,0.00,0.00,0.00,0.00
4031,2,61,706,2091,1,0,404,,BH - RUA MANAUS - IMPERMEABILIZAÇÃO,INICIANDO,PORCENTAGEM DE OBRA REALIZADA,10,Sim,Região Intermediária de Belo Horizonte,BELO HORIZONTE,0.00,277825.00,0.00,0.00,0.00,0.00,0.00,0.00
4031,2,61,706,2091,1,0,405,,DIVERSAS COMARCAS - EXECUÇÃO DE SONDAGEM DE SOLO E DE SERVIÇOS,INICIANDO,PORCENTAGEM DE OBRA REALIZADA,10,Sim,Estadual,DIVERSOS MUNICÍPIOS - ESTADUAL,0.00,1425919.00,0.00,1425919.00,0.00,332715.00,0.00,0.00
4031,2,61,706,2091,1,0,406,,DIVERSAS COMARCAS - ACESSIBILIDADE,INICIANDO,PORCENTAGEM DE OBRA REALIZADA,10,Sim,Estadual,DIVERSOS MUNICÍPIOS - ESTADUAL,0.00,455190.00,0.00,0.00,0.00,0.00,0.00,0.00
4031,2,61,706,2091,1,0,408,,ERVÁLIA - REFORMA DO ESTACIONAMENTO,INICIANDO,PORCENTAGEM DE OBRA REALIZADA,10,Sim,Região Intermediária de Juíz de Fora,ERVÁLIA,0.00,865920.00,0.00,0.00,0.00,0.00,0.00,0.00
4031,2,61,706,2091,1,0,409,,CAPELINHA - IMPERMEABILIZAÇÃO,INICIANDO,PORCENTAGEM DE OBRA REALIZADA,10,Sim,Região Intermediária de Teófilo Otoni,CAPELINHA,0.00,52000.00,0.00,156000.00,0.00,0.00,0.00,0.00
4031,2,61,706,2091,1,0,410,,PASSOS - NOVO ELEVADOR,INICIANDO,PORCENTAGEM DE OBRA REALIZADA,10,Sim,Região Intermediária de Varginha,PASSOS,0.00,160000.00,0.00,80000.00,0.00,0.00,0.00,0.00
4031,2,61,706,2091,1,0,411,,RIBEIRÃO DAS NEVES - AR CONDICIONADO,INICIANDO,PORCENTAGEM DE OBRA REALIZADA,10,Sim,Região Intermediária de Belo Horizonte,RIBEIRÃO DAS NEVES,0.00,1351111.00,0.00,1688889.00,0.00,0.00,0.00,0.00
4031,2,61,706,2091,1,0,412,,UNAÍ - AR CONDICIONADO,INICIANDO,PORCENTAGEM DE OBRA REALIZADA,10,Sim,Região Intermediária de Patos de Minas,UNAÍ,0.00,1013333.00,0.00,506667.00,0.00,0.00,0.00,0.00
4031,2,61,706,2091,1,0,413,,MEDINA - CONSTRUÇÃO NOVO FÓRUM,INICIANDO,PORCENTAGEM DE OBRA REALIZADA,10,Sim,Região Intermediária de Teófilo Otoni,MEDINA,0.00,7619738.00,0.00,5684051.00,0.00,0.00,0.00,0.00
4031,2,61,706,2091,1,0,414,,ITABIRITO,INICIANDO,PORCENTAGEM DE OBRA REALIZADA,10,Sim,Região Intermediária de Belo Horizonte,ITABIRITO,0.00,7619738.00,0.00,5684051.00,0.00,0.00,0.00,0.00
4031,2,61,706,2091,1,0,415,,CONQUISTA - CONSTRUÇÃO NOVO FÓRUM,INICIANDO,UNIDADE,1,Sim,Região Intermediária de Uberaba,CONQUISTA,0.00,4572211.00,0.00,1187789.00,0.00,0.00,0.00,0.00
4031,2,61,706,2091,1,0,416,,SETE LAGOAS - REFORMA E AMPLIAÇÃO DO FÓRUM,INICIANDO,PORCENTAGEM DE OBRA REALIZADA,10,Sim,Região Intermediária de Belo Horizonte,SETE LAGOAS,0.00,8333333.00,0.00,25000000.00,0.00,16666667.00,0.00,0.00
4031,2,61,706,2091,1,0,417,,RAUL SOARES - CONSTRUÇÃO NOVO FÓRUM PAD. M2,INICIANDO,PORCENTAGEM DE OBRA REALIZADA,10,Sim,Região Intermediária de Ipatinga,RAUL SOARES,0.00,3618663.00,0.00,5181337.00,0.00,0.00,0.00,0.00
4031,2,61,706,2091,1,0,418,,RIO CASCA - CONSTRUÇÃO NOVO FÓRUM,INICIANDO,PORCENTAGEM DE OBRA REALIZADA,10,Sim,Região Intermediária de Juíz de Fora,RIO CASCA,0.00,3618663.00,0.00,5181337.00,0.00,0.00,0.00,0.00
4031,2,61,706,2091,1,0,419,,PASSA TEMPO - CONSTRUÇÃO NOVO FÓRUM,INICIANDO,PORCENTAGEM DE OBRA REALIZADA,10,Sim,Região Intermediária de Divinópolis,PASSA TEMPO,0.00,4054125.00,0.00,1705875.00,0.00,0.00,0.00,0.00
4031,2,61,706,2091,1,0,420,,TRÊS PONTAS - CONSTRUÇÃO DO NOVO FÓRUM,INICIANDO,PORCENTAGEM DE OBRA REALIZADA,10,Sim,Região Intermediária de Varginha,TRÊS PONTAS,0.00,4319141.00,0.00,12480859.00,0.00,0.00,0.00,0.00
4031,2,61,706,2091,1,0,421,,CARANGOLA - CONSTRUÇÃO DO NOVO FÓRUM,INICIANDO,PORCENTAGEM DE OBRA REALIZADA,10,Sim,Região Intermediária de Juíz de Fora,CARANGOLA,0.00,4319141.00,0.00,12480859.00,0.00,0.00,0.00,0.00
4031,2,61,706,2091,1,0,422,,SENADOR FIRMINO - REFORMA E AMPLIAÇÃO DO FÓRUM,INICIANDO,PORCENTAGEM DE OBRA REALIZADA,10,Sim,Região Intermediária de Juíz de Fora,SENADOR FIRMINO,0.00,2387133.00,0.00,5729120.00,0.00,477427.00,0.00,0.00
4031,2,61,706,2091,1,0,423,,SABINÓPOLIS - CONSTRUÇÃO NOVO FÓRUM,INICIANDO,PORCENTAGEM DE OBRA REALIZADA,10,Sim,Região Intermediária de Governador Valadares,SABINÓPOLIS,0.00,1868091.00,0.00,5331909.00,0.00,0.00,0.00,0.00
4031,2,61,706,2091,1,0,424,,SÃO GONÇALO DO SAPUCAÍ - CONSTRUÇÃO DO NOVO FÓRUM,INICIANDO,PORCENTAGEM DE OBRA REALIZADA,10,Sim,Região Intermediária de Varginha,SÃO GONÇALO DO SAPUCAÍ,0.00,1225627.00,0.00,12534373.00,0.00,0.00,0.00,0.00
4031,2,61,706,2091,1,0,425,,ALMENARA - CONSTRUÇÃO DO NOVO FÓRUM,INICIANDO,PORCENTAGEM DE OBRA REALIZADA,10,Sim,Região Intermediária de Teófilo Otoni,ALMENARA,0.00,1743993.00,0.00,13154677.00,0.00,1901331.00,0.00,0.00
4031,2,61,706,2091,1,0,426,,PIRAPORA - CONSTRUÇÃO NOVO FÓRUM,INICIANDO,PORCENTAGEM DE OBRA REALIZADA,10,Sim,Região Intermediária de Montes Claros,PIRAPORA,0.00,575000.00,0.00,14080000.00,0.00,5345000.00,0.00,0.00
4031,2,61,706,2091,1,0,428,,"BH - ED. SEDE 4ª PARCELA (REFORMA PARCIAL, 1º SUBS",INICIANDO,PORCENTAGEM DE OBRA REALIZADA,10,Sim,Região Intermediária de Belo Horizonte,BELO HORIZONTE,0.00,2520000.00,0.00,1260000.00,0.00,0.00,0.00,0.00
4031,2,61,706,2091,1,0,429,,BH - ED. SEDE AMPLIAÇÃO CONSTRUÇÃO DA TORRE SUL E,INICIANDO,PORCENTAGEM DE OBRA REALIZADA,10,Sim,Região Intermediária de Belo Horizonte,BELO HORIZONTE,0.00,13000000.00,0.00,99320000.00,0.00,243360000.00,0.00,243360000.00
4031,2,61,706,2091,1,0,430,,BH - ED. MANAUS - 2ª PARCELA (COBERTURA),INICIANDO,PORCENTAGEM DE OBRA REALIZADA,10,Sim,Região Intermediária de Belo Horizonte,BELO HORIZONTE,0.00,800000.00,0.00,800000.00,0.00,0.00,0.00,0.00
4031,2,61,706,2091,1,0,431,,BH - UNIDADE FRANCISCO SALES - REFORMA PARCIAL,INICIANDO,UNIDADE,10,Sim,Região Intermediária de Belo Horizonte,BELO HORIZONTE,0.00,1493333.00,0.00,1306667.00,0.00,0.00,0.00,0.00
4031,2,61,706,2091,1,0,432,,BH - CINCÃO - ESTANTERIA,INICIANDO,PORCENTAGEM DE OBRA REALIZADA,10,Sim,Região Intermediária de Belo Horizonte,BELO HORIZONTE,0.00,3066667.00,0.00,6133333.00,0.00,0.00,0.00,0.00
4031,2,61,706,2091,1,0,433,,DIVERSAS COMARCAS - PLANO AVCB,INICIANDO,PORCENTAGEM DE OBRA REALIZADA,1,Sim,Estadual,DIVERSOS MUNICÍPIOS - ESTADUAL,0.00,400000.00,0.00,2000000.00,0.00,0.00,0.00,0.00
4031,2,61,706,2091,1,0,434,,DIVERSAS COMARCAS - SERVIÇO TÉCNICO PROFISSIONAL E,INICIANDO,PORCENTAGEM DE OBRA REALIZADA,10,Sim,Estadual,DIVERSOS MUNICÍPIOS - ESTADUAL,0.00,375000.00,0.00,375000.00,0.00,218750.00,0.00,0.00
4031,2,61,706,2091,1,0,435,,DIVERSAS COMARCAS - PRESTAÇÃO DE SERVIÇOS TÉCNICOS ESPECIALIZADOS,INICIANDO,PORCENTAGEM DE OBRA REALIZADA,10,Sim,Estadual,DIVERSOS MUNICÍPIOS - ESTADUAL,0.00,300000.00,0.00,300000.00,0.00,275000.00,0.00,0.00
4031,2,61,706,2091,1,0,436,,DIVERSAS COMARCAS - ESLABORAÇÃO DE PROJETOS ESTRUTURAIS,INICIANDO,PORCENTAGEM DE OBRA REALIZADA,10,Sim,Estadual,DIVERSOS MUNICÍPIOS - ESTADUAL,0.00,169444.00,0.00,166667.00,0.00,166667.00,0.00,0.00
4031,2,61,706,2091,1,0,437,,DIVERSAS COMARCAS - ACESSIBILIDADE - RETOMADA,INICIANDO,PORCENTAGEM DE OBRA REALIZADA,10,Sim,Região Intermediária de Belo Horizonte,BELO HORIZONTE,0.00,225000.00,0.00,375000.00,0.00,0.00,0.00,0.00
4031,2,61,706,2091,1,0,438,,DIVERSAS COMARCAS - ACESSIBILIDADE,INICIANDO,PORCENTAGEM DE OBRA REALIZADA,10,Sim,Estadual,DIVERSOS MUNICÍPIOS - ESTADUAL,0.00,150000.00,0.00,450000.00,0.00,0.00,0.00,0.00
4031,2,61,706,2091,1,0,439,,ITAOBIM - FÓRUNS DIGITAIS,INICIANDO,PORCENTAGEM DE OBRA REALIZADA,10,Sim,Região Intermediária de Teófilo Otoni,ITAOBIM,0.00,1235948.00,0.00,244052.00,0.00,0.00,0.00,0.00
4031,2,61,706,2091,1,0,440,,PONTO CHIQUE - FÓRUNS DIGITAIS,INICIANDO,PORCENTAGEM DE OBRA REALIZADA,10,Sim,Região Intermediária de Montes Claros,PONTO CHIQUE,0.00,1235948.00,0.00,244052.00,0.00,0.00,0.00,0.00
4031,2,61,706,2091,1,0,441,,FORMOSO - FÓRUNS DIGITAIS,INICIANDO,PORCENTAGEM DE OBRA REALIZADA,10,Sim,Região Intermediária de Patos de Minas,FORMOSO,0.00,1235948.00,0.00,244052.00,0.00,0.00,0.00,0.00
4031,2,61,706,2091,1,0,442,,CARMO DA CACHOEIRA - FÓRUNS DIGITAIS,INICIANDO,PORCENTAGEM DE OBRA REALIZADA,10,Sim,Região Intermediária de Varginha,CARMO DA CACHOEIRA,0.00,1014836.00,0.00,465164.00,0.00,0.00,0.00,0.00
4031,2,61,706,2091,1,0,443,,FD 05,INICIANDO,PORCENTAGEM DE OBRA REALIZADA,10,Sim,Estadual,DIVERSOS MUNICÍPIOS - ESTADUAL,0.00,1014836.00,0.00,465164.00,0.00,0.00,0.00,0.00
4031,2,61,706,2091,1,0,444,,FD 06,INICIANDO,PORCENTAGEM DE OBRA REALIZADA,10,Sim,Estadual,DIVERSOS MUNICÍPIOS - ESTADUAL,0.00,1014836.00,0.00,465164.00,0.00,0.00,0.00,0.00
4031,2,61,706,2091,1,0,445,,FD 07,INICIANDO,PORCENTAGEM DE OBRA REALIZADA,10,Sim,Estadual,DIVERSOS MUNICÍPIOS - ESTADUAL,0.00,832056.00,0.00,647944.00,0.00,0.00,0.00,0.00
4031,2,61,706,2091,1,0,446,,FD 08,INICIANDO,PORCENTAGEM DE OBRA REALIZADA,10,Sim,Estadual,DIVERSOS MUNICÍPIOS - ESTADUAL,0.00,832056.00,0.00,647944.00,0.00,0.00,0.00,0.00
4031,2,61,706,2091,1,0,447,,FD 09,INICIANDO,PORCENTAGEM DE OBRA REALIZADA,10,Sim,Estadual,DIVERSOS MUNICÍPIOS - ESTADUAL,0.00,832056.00,0.00,647944.00,0.00,0.00,0.00,0.00
4031,2,61,706,2091,1,0,448,,FD 10,INICIANDO,PORCENTAGEM DE OBRA REALIZADA,10,Sim,Estadual,DIVERSOS MUNICÍPIOS - ESTADUAL,0.00,832056.00,0.00,647944.00,0.00,0.00,0.00,0.00
4031,2,61,706,2091,1,0,449,,FD 11,INICIANDO,PORCENTAGEM DE OBRA REALIZADA,10,Sim,Estadual,DIVERSOS MUNICÍPIOS - ESTADUAL,0.00,457024.00,0.00,1022976.00,0.00,0.00,0.00,0.00
4031,2,61,706,2091,1,0,450,,FD 12,INICIANDO,UNIDADE,1,Sim,Estadual,DIVERSOS MUNICÍPIOS - ESTADUAL,0.00,457024.00,0.00,1022976.00,0.00,0.00,0.00,0.00
4031,2,61,706,2091,1,0,451,,FD 13,INICIANDO,PORCENTAGEM DE OBRA REALIZADA,10,Sim,Estadual,DIVERSOS MUNICÍPIOS - ESTADUAL,0.00,457024.00,0.00,1022976.00,0.00,0.00,0.00,0.00
4031,2,61,706,2091,1,0,452,,FD 15,INICIANDO,PORCENTAGEM DE OBRA REALIZADA,10,Sim,Estadual,DIVERSOS MUNICÍPIOS - ESTADUAL,0.00,457024.00,0.00,1022976.00,0.00,0.00,0.00,0.00
4031,2,61,706,2091,1,0,453,,FD 14,INICIANDO,PORCENTAGEM DE OBRA REALIZADA,10,Sim,Estadual,DIVERSOS MUNICÍPIOS - ESTADUAL,0.00,457024.00,0.00,1022976.00,0.00,0.00,0.00,0.00
4031,2,61,706,2091,1,0,454,,FD 16,INICIANDO,PORCENTAGEM DE OBRA REALIZADA,10,Sim,Estadual,DIVERSOS MUNICÍPIOS - ESTADUAL,0.00,142080.00,0.00,1337920.00,0.00,0.00,0.00,0.00
4031,2,61,706,2091,1,0,455,,FD 17,INICIANDO,PORCENTAGEM DE OBRA REALIZADA,10,Sim,Estadual,DIVERSOS MUNICÍPIOS - ESTADUAL,0.00,142080.00,0.00,1337920.00,0.00,0.00,0.00,0.00
4031,2,61,706,2091,1,0,456,,FD 18,INICIANDO,PORCENTAGEM DE OBRA REALIZADA,10,Sim,Estadual,DIVERSOS MUNICÍPIOS - ESTADUAL,0.00,142080.00,0.00,1337920.00,0.00,0.00,0.00,0.00
4031,2,61,706,2091,1,0,457,,FD 19,INICIANDO,PORCENTAGEM DE OBRA REALIZADA,10,Sim,Estadual,DIVERSOS MUNICÍPIOS - ESTADUAL,0.00,50000.00,0.00,1430000.00,0.00,0.00,0.00,0.00
4031,2,61,706,2091,1,0,458,,FD 20,INICIANDO,PORCENTAGEM DE OBRA REALIZADA,10,Sim,Estadual,DIVERSOS MUNICÍPIOS - ESTADUAL,0.00,50000.00,0.00,1430000.00,0.00,0.00,0.00,0.00
4031,2,61,706,2091,1,0,459,,BH - DIVERSOS PRÉDIOS - OBRAS E SERVIÇOS EMERGENCIAIS,INICIANDO,PORCENTAGEM DE OBRA REALIZADA,10,Sim,Região Intermediária de Belo Horizonte,BELO HORIZONTE,0.00,150000.00,0.00,150000.00,0.00,150000.00,0.00,150000.00
4031,2,61,706,2091,1,0,460,,DIVERSAS COMARCAS - OBRAS E SERVIÇOS EMERGENCIAIS,INICIANDO,PORCENTAGEM DE OBRA REALIZADA,10,Sim,Estadual,DIVERSOS MUNICÍPIOS - ESTADUAL,0.00,150000.00,0.00,150000.00,0.00,150000.00,0.00,150000.00
4031,2,61,706,2091,1,0,461,,DIVERSAS COMARCAS - PROJETOS DIVERSOS,INICIANDO,PORCENTAGEM DE OBRA REALIZADA,10,Sim,Estadual,DIVERSOS MUNICÍPIOS - ESTADUAL,0.00,150000.00,0.00,150000.00,0.00,150000.00,0.00,150000.00
4031,2,61,706,2091,1,0,462,,BH ED. SEDE REFORMA HELIPONTO,INICIANDO,PORCENTAGEM DE OBRA REALIZADA,10,Sim,Região Intermediária de Belo Horizonte,BELO HORIZONTE,0.00,1577516.00,0.00,0.00,0.00,0.00,0.00,0.00
4291,10,122,59,2024,1,0,120,11288,Reforma da estrutura física da sede administrativa da Unidade de Saúde de Teófilo Otoni.,INICIANDO,UNIDADE,1,Sim,Região Intermediária de Teófilo Otoni,TEÓFILO OTONI,540000.00,0.00,0.00,0.00,0.00,0.00,0.00,0.00
4291,10,122,59,2024,1,0,122,11285,Reforma da estrutura física da sede administrativa da Unidade Regional de Saúde de Uberlândia.,INICIANDO,UNIDADE,1,Sim,Região Intermediária de Uberlândia,UBERLÂNDIA,120000.00,0.00,0.00,0.00,0.00,0.00,0.00,0.00
4291,10,122,59,2024,1,0,129,11289,Reforma da estrutura física da sede administrativa da Unidade de Saúde de Barbacena.,INICIANDO,UNIDADE,1,Sim,Região Intermediária de Barbacena,BARBACENA,50000.00,0.00,0.00,0.00,0.00,0.00,0.00,0.00
4291,10,122,59,2024,1,0,130,11286,Reforma da estrutura física da sede administrativa da Unidade Regional de Saúde de Uberaba.,INICIANDO,UNIDADE,1,Sim,Região Intermediária de Uberaba,UBERABA,120000.00,0.00,0.00,0.00,0.00,0.00,0.00,0.00
4291,10,122,59,2024,1,0,131,11292,Reforma da estrutura física da sede administrativa da Unidade de Saúde de Ubá.,INICIANDO,UNIDADE,1,Sim,Região Intermediária de Juíz de Fora,UBÁ,120000.00,0.00,0.00,0.00,0.00,0.00,0.00,0.00
4291,10,122,59,2024,1,0,132,11291,Reforma da estrutura física da sede administrativa da Unidade de Saúde de São João Del Rei.,INICIANDO,UNIDADE,1,Sim,Região Intermediária de Barbacena,SÃO JOÃO DEL REI,120000.00,0.00,0.00,0.00,0.00,0.00,0.00,0.00
4381,26,782,82,4382,1,0,328,,SEGURANÇA VIÁRIA DE DIVERSOS TRECHOS,INICIANDO,UNIDADE,200,Não,Estadual,DIVERSOS MUNICÍPIOS - ESTADUAL,0.00,20000000.00,0.00,0.00,0.00,0.00,0.00,0.00
5031,19,572,133,3015,0,0,4,,ARAXÁ,INICIANDO,UNIDADE,1,Não,Região Intermediária de Uberaba,ARAXÁ,0.00,6380000.00,0.00,0.00,0.00,0.00,0.00,0.00
5081,17,512,21,8008,0,0,146,,"IMPLANTAÇÃO OU AMPLIAÇÃO REALIZADA EM SISTEMAS DE ABASTECIMENTO DE ÁGUA QUE PODEM CONTEMPLAR SISTEMA PRODUTOR QUE PODE SER ATRAVÉS DE POÇO PROFUNDO OU CAPTAÇÃO SUPERFICIAL, ESTAÇÃO DE TRATAMENTO DE ÁGUA, ADUTORAS, ESTAÇÕES ELEVATÓRIAS, RESERVATÓRIOS E REDES DE DISTRIBUIÇÃO DE ÁGUA PARA OPERAÇÃO DAS UNIDADES DE TRATAMENTO E DISTRIBUIÇÃO DE ÁGUA TRATADA EM LOCALIDADES QUE A COPASA TENHA OU VENHA A TER A CONCESSÃO PARA O SERVIÇO DE ABASTECIMENTO DE ÁGUA. IMPLANTAÇÃO OU AMPLIAÇÃO REALIZADA EM SISTEMAS DE ESGOTAMENTO SANITÁRIO QUE PODEM CONTEMPLAR ESTAÇÃO DE TRATAMENTO DE ESGOTO, ESTAÇÕES ELEVATÓRIAS, INTERCEPTORES E REDES COLETORAS PARA OPERAÇÃO DAS UNIDADES DE COLETA E TRATAMENTO DE ESGOTO EM LOCALIDADES QUE A COPASA TENHA OU VENHA A TER A CONCESSÃO PARA O SERVIÇO DE ESGOTAMENTO SANITÁRIO.",INICIANDO,ECONOMIA RESIDENCIAL,95000,Não,Estadual,DIVERSOS MUNICÍPIOS - ESTADUAL,0.00,1388000000.00,0.00,1388000000.00,0.00,1388000000.00,0.00,1388000000.00
5081,17,512,21,8009,0,0,147,,"AMPLIAÇÃO REALIZADA, OPERAÇÃO, MANUTENÇÃO E CONSERVAÇÃO DAS UNIDADES DE ADUÇÃO DO SISTEMA PRODUTOR RIO MANSO; REVERSÃO DOS ATIVOS À COMPANHIA DE SANEAMENTO DE MINAS GERAIS.",INICIANDO,METRO CÚBICO P/ SEGUNDO,1,Não,Região Intermediária de Belo Horizonte,DIVERSOS MUNICÍPIOS - REGIÃO INTERMEDIÁRIA DE BELO HORIZONTE,0.00,48428689.00,0.00,43803484.00,0.00,42450254.00,0.00,40450254.00
5141,4,126,30,6006,0,0,51,,"ELABORAÇÃO E EXECUÇÃO DE PROJETOS RELACIONADOS À REFORMA, MODERNIZAÇÃO E ADEQUAÇÃO DAS INSTALAÇÕES PREDIAIS DA COMPANHIA.",INICIANDO,PERCENTUAL,100,Não,Estadual,DIVERSOS MUNICÍPIOS - ESTADUAL,0.00,13233200.00,0.00,6250000.00,0.00,3250000.00,0.00,3250000.00
5251,25,121,133,3018,0,0,3,,"EXPANSÃO DA INFRAESTRUTURA DE DISTRIBUIÇÃO DE GÁS NATURAL, EM GASODUTOS VIRTUAIS E PRIMÁRIOS, EM MINAS GERAIS.",INICIANDO,AÇÃO,163,Não,Região Intermediária de Belo Horizonte,BELO HORIZONTE,0.00,285487805.00,0.00,192101111.00,0.00,279542051.00,0.00,393567557.00
5391,25,752,92,3004,0,0,20,,EXPANSÃO E AQUISIÇÃO DO SISTEMA DE TRANSMISSÃO,INICIANDO,UNIDADE,1,Não,Região Intermediária de Barbacena,DIVERSOS MUNICÍPIOS - REGIÃO INTERMEDIÁRIA DE BARBACENA,0.00,2755.00,0.00,0.00,0.00,0.00,0.00,0.00
5391,25,752,92,3004,0,0,21,,EXPANSÃO E AQUISIÇÃO DO SISTEMA DE TRANSMISSÃO,INICIANDO,UNIDADE,5,Não,Região Intermediária de Belo Horizonte,DIVERSOS MUNICÍPIOS - REGIÃO INTERMEDIÁRIA DE BELO HORIZONTE,0.00,16917549.00,0.00,371590.00,0.00,0.00,0.00,0.00
5391,25,752,92,3004,0,0,22,,EXPANSÃO E AQUISIÇÃO DO SISTEMA DE TRANSMISSÃO,INICIANDO,UNIDADE,3,Não,Região Intermediária de Divinópolis,DIVERSOS MUNICÍPIOS - REGIÃO INTERMEDIÁRIA DE DIVINÓPOLIS,0.00,62676806.00,0.00,115118832.00,0.00,79688927.00,0.00,283680.00
5391,25,752,92,3004,0,0,23,,EXPANSÃO E AQUISIÇÃO DO SISTEMA DE TRANSMISSÃO,INICIANDO,UNIDADE,1,Não,Região Intermediária de Governador Valadares,DIVERSOS MUNICÍPIOS - REGIÃO INTERMEDIÁRIA DE GOVERNADOR VALADARES,0.00,20902948.00,0.00,69651136.00,0.00,0.00,0.00,0.00
5391,25,752,92,3004,0,0,24,,EXPANSÃO E AQUISIÇÃO DO SISTEMA DE TRANSMISSÃO,INICIANDO,UNIDADE,2,Não,Região Intermediária de Ipatinga,DIVERSOS MUNICÍPIOS - REGIÃO INTERMEDIÁRIA DE IPATINGA,0.00,7399783.00,0.00,8267000.00,0.00,0.00,0.00,0.00
5391,25,752,92,3004,0,0,25,,EXPANSÃO E AQUISIÇÃO DO SISTEMA DE TRANSMISSÃO,INICIANDO,UNIDADE,1,Não,Região Intermediária de Juíz de Fora,DIVERSOS MUNICÍPIOS - REGIÃO INTERMEDIÁRIA DE JUÍZ DE FORA,0.00,9324503.00,0.00,2680463.00,0.00,664998.00,0.00,504320.00
5391,25,752,92,3004,0,0,26,,EXPANSÃO E AQUISIÇÃO DO SISTEMA DE TRANSMISSÃO,INICIANDO,UNIDADE,1,Não,Região Intermediária de Montes Claros,DIVERSOS MUNICÍPIOS - REGIÃO INTERMEDIÁRIA DE MONTES CLAROS,0.00,56185150.00,0.00,0.00,0.00,0.00,0.00,0.00
5391,25,752,92,3004,0,0,27,,EXPANSÃO E AQUISIÇÃO DO SISTEMA DE TRANSMISSÃO,INICIANDO,UNIDADE,1,Não,Região Intermediária de Pouso Alegre,DIVERSOS MUNICÍPIOS - REGIÃO INTERMEDIÁRIA DE POUSO ALEGRE,0.00,1975648.00,0.00,0.00,0.00,0.00,0.00,0.00
5391,25,752,92,3004,0,0,28,,EXPANSÃO E AQUISIÇÃO DO SISTEMA DE TRANSMISSÃO,INICIANDO,UNIDADE,1,Não,Região Intermediária de Uberaba,DIVERSOS MUNICÍPIOS - REGIÃO INTERMEDIÁRIA DE UBERABA,0.00,45823571.00,0.00,0.00,0.00,0.00,0.00,0.00
5391,25,752,92,3004,0,0,29,,EXPANSÃO E AQUISIÇÃO DO SISTEMA DE TRANSMISSÃO,INICIANDO,UNIDADE,1,Não,Região Intermediária de Uberlândia,DIVERSOS MUNICÍPIOS - REGIÃO INTERMEDIÁRIA DE UBERLÂNDIA,0.00,10027160.00,0.00,23136628.00,0.00,0.00,0.00,0.00
5391,25,752,92,3004,0,0,30,,EXPANSÃO E AQUISIÇÃO DO SISTEMA DE TRANSMISSÃO,INICIANDO,UNIDADE,1,Não,Região Intermediária de Varginha,DIVERSOS MUNICÍPIOS - REGIÃO INTERMEDIÁRIA DE VARGINHA,0.00,100000.00,0.00,141077.00,0.00,30479075.00,0.00,0.00
5391,25,752,92,3004,0,0,31,,EXPANSÃO E AQUISIÇÃO DO SISTEMA DE TRANSMISSÃO,INICIANDO,UNIDADE,1,Não,Estadual,DIVERSOS MUNICÍPIOS - ESTADUAL,0.00,204104.00,0.00,147245000.00,0.00,123727000.00,0.00,82310000.00
5391,25,752,92,3005,0,0,32,,REFORMAS DE SUBESTAÇÕES E LINHAS DE TRANSMISSÃO,INICIANDO,UNIDADE,1,Não,Região Intermediária de Barbacena,DIVERSOS MUNICÍPIOS - REGIÃO INTERMEDIÁRIA DE BARBACENA,0.00,2560929.00,0.00,0.00,0.00,0.00,0.00,0.00
5391,25,752,92,3005,0,0,33,,REFORMAS DE SUBESTAÇÕES E LINHAS DE TRANSMISSÃO,INICIANDO,UNIDADE,5,Não,Região Intermediária de Belo Horizonte,DIVERSOS MUNICÍPIOS - REGIÃO INTERMEDIÁRIA DE BELO HORIZONTE,0.00,43838882.00,0.00,2914709.00,0.00,0.00,0.00,0.00
5391,25,752,92,3005,0,0,34,,REFORMAS DE SUBESTAÇÕES E LINHAS DE TRANSMISSÃO,INICIANDO,UNIDADE,3,Não,Região Intermediária de Divinópolis,DIVERSOS MUNICÍPIOS - REGIÃO INTERMEDIÁRIA DE DIVINÓPOLIS,0.00,38083472.00,0.00,57130830.00,0.00,25124121.00,0.00,8632550.00
5391,25,752,92,3005,0,0,35,,REFORMAS DE SUBESTAÇÕES E LINHAS DE TRANSMISSÃO,INICIANDO,UNIDADE,2,Não,Região Intermediária de Governador Valadares,DIVERSOS MUNICÍPIOS - REGIÃO INTERMEDIÁRIA DE GOVERNADOR VALADARES,0.00,7630637.00,0.00,0.00,0.00,0.00,0.00,0.00
5391,25,752,92,3005,0,0,36,,REFORMAS DE SUBESTAÇÕES E LINHAS DE TRANSMISSÃO,INICIANDO,UNIDADE,4,Não,Região Intermediária de Ipatinga,DIVERSOS MUNICÍPIOS - REGIÃO INTERMEDIÁRIA DE IPATINGA,0.00,8681251.00,0.00,0.00,0.00,0.00,0.00,0.00
5391,25,752,92,3005,0,0,37,,REFORMAS DE SUBESTAÇÕES E LINHAS DE TRANSMISSÃO,INICIANDO,UNIDADE,1,Não,Região Intermediária de Juíz de Fora,DIVERSOS MUNICÍPIOS - REGIÃO INTERMEDIÁRIA DE JUÍZ DE FORA,0.00,8252326.00,0.00,6265962.00,0.00,0.00,0.00,0.00
5391,25,752,92,3005,0,0,38,,REFORMAS DE SUBESTAÇÕES E LINHAS DE TRANSMISSÃO,INICIANDO,UNIDADE,2,Não,Região Intermediária de Montes Claros,DIVERSOS MUNICÍPIOS - REGIÃO INTERMEDIÁRIA DE MONTES CLAROS,0.00,9495682.00,0.00,0.00,0.00,0.00,0.00,0.00
5391,25,752,92,3005,0,0,39,,REFORMAS DE SUBESTAÇÕES E LINHAS DE TRANSMISSÃO,INICIANDO,UNIDADE,3,Não,Região Intermediária de Uberaba,DIVERSOS MUNICÍPIOS - REGIÃO INTERMEDIÁRIA DE UBERABA,0.00,35366196.00,0.00,6763231.00,0.00,0.00,0.00,0.00
5391,25,752,92,3005,0,0,40,,REFORMAS DE SUBESTAÇÕES E LINHAS DE TRANSMISSÃO,INICIANDO,UNIDADE,2,Não,Região Intermediária de Uberlândia,DIVERSOS MUNICÍPIOS - REGIÃO INTERMEDIÁRIA DE UBERLÂNDIA,0.00,25085657.00,0.00,34647084.00,0.00,31299410.00,0.00,16001800.00
5391,25,752,92,3005,0,0,41,,REFORMAS DE SUBESTAÇÕES E LINHAS DE TRANSMISSÃO,INICIANDO,UNIDADE,1,Não,Região Intermediária de Varginha,DIVERSOS MUNICÍPIOS - REGIÃO INTERMEDIÁRIA DE VARGINHA,0.00,10474907.00,0.00,24818124.00,0.00,28169469.00,0.00,17475650.00
5391,25,752,92,3005,0,0,42,,REFORMAS DE SUBESTAÇÕES E LINHAS DE TRANSMISSÃO,INICIANDO,UNIDADE,1,Não,Estadual,DIVERSOS MUNICÍPIOS - ESTADUAL,0.00,27143828.00,0.00,730599807.00,0.00,584970561.00,0.00,439221764.00
5391,25,752,94,3001,0,0,43,,EXPANSÃO DO SISTEMA DE GERAÇÃO,INICIANDO,UNIDADE,1,Não,Região Intermediária de Belo Horizonte,DIVERSOS MUNICÍPIOS - REGIÃO INTERMEDIÁRIA DE BELO HORIZONTE,0.00,100000.00,0.00,338387000.00,0.00,416585000.00,0.00,149872000.00
5401,25,752,72,3002,0,0,5,,EXECUÇÃO DO PLANO DE DESENVOLVIMENTO DA DISTRIBUIDORA (PDD),INICIANDO,UNIDADE,30,Não,Região Intermediária de Barbacena,DIVERSOS MUNICÍPIOS - REGIÃO INTERMEDIÁRIA DE BARBACENA,0.00,173325517.00,0.00,175158242.00,0.00,156313303.00,0.00,237240548.00
5401,25,752,72,3002,0,0,6,,EXECUÇÃO DO PLANO DE DESENVOLVIMENTO DA DISTRIBUIDORA (PDD),INICIANDO,UNIDADE,40,Não,Região Intermediária de Belo Horizonte,DIVERSOS MUNICÍPIOS - REGIÃO INTERMEDIÁRIA DE BELO HORIZONTE,0.00,1120942874.00,0.00,1139053548.00,0.00,1044251133.00,0.00,929396291.00
5401,25,752,72,3002,0,0,7,,EXECUÇÃO DO PLANO DE DESENVOLVIMENTO DA DISTRIBUIDORA (PDD),INICIANDO,UNIDADE,186,Não,Região Intermediária de Divinópolis,DIVERSOS MUNICÍPIOS - REGIÃO INTERMEDIÁRIA DE DIVINÓPOLIS,0.00,490941164.00,0.00,490336380.00,0.00,768797092.00,0.00,598706756.00
5401,25,752,72,3002,0,0,8,,EXECUÇÃO DO PLANO DE DESENVOLVIMENTO DA DISTRIBUIDORA (PDD),INICIANDO,UNIDADE,15,Não,Região Intermediária de Governador Valadares,DIVERSOS MUNICÍPIOS - REGIÃO INTERMEDIÁRIA DE GOVERNADOR VALADARES,0.00,186072723.00,0.00,344516295.00,0.00,161000776.00,0.00,187736103.00
5401,25,752,72,3002,0,0,9,,EXECUÇÃO DO PLANO DE DESENVOLVIMENTO DA DISTRIBUIDORA (PDD),INICIANDO,UNIDADE,1,Não,Região Intermediária de Ipatinga,DIVERSOS MUNICÍPIOS - REGIÃO INTERMEDIÁRIA DE IPATINGA,0.00,163742706.00,0.00,235942789.00,0.00,277257526.00,0.00,184594645.00
5401,25,752,72,3002,0,0,10,,EXECUÇÃO DO PLANO DE DESENVOLVIMENTO DA DISTRIBUIDORA (PDD),INICIANDO,UNIDADE,26,Não,Região Intermediária de Juíz de Fora,DIVERSOS MUNICÍPIOS - REGIÃO INTERMEDIÁRIA DE JUÍZ DE FORA,0.00,174469498.00,0.00,179457178.00,0.00,172873473.00,0.00,185947905.00
5401,25,752,72,3002,0,0,11,,EXECUÇÃO DO PLANO DE DESENVOLVIMENTO DA DISTRIBUIDORA (PDD),INICIANDO,UNIDADE,73,Não,Região Intermediária de Montes Claros,DIVERSOS MUNICÍPIOS - REGIÃO INTERMEDIÁRIA DE MONTES CLAROS,0.00,465051090.00,0.00,426001328.00,0.00,406601466.00,0.00,522438700.00
5401,25,752,72,3002,0,0,12,,EXECUÇÃO DO PLANO DE DESENVOLVIMENTO DA DISTRIBUIDORA (PDD),INICIANDO,UNIDADE,190,Não,Região Intermediária de Patos de Minas,DIVERSOS MUNICÍPIOS - REGIÃO INTERMEDIÁRIA DE PATOS DE MINAS,0.00,307578393.00,0.00,396019699.00,0.00,186433355.00,0.00,280209020.00
5401,25,752,72,3002,0,0,13,,EXECUÇÃO DO PLANO DE DESENVOLVIMENTO DA DISTRIBUIDORA (PDD),INICIANDO,UNIDADE,65,Não,Região Intermediária de Pouso Alegre,DIVERSOS MUNICÍPIOS - REGIÃO INTERMEDIÁRIA DE POUSO ALEGRE,0.00,163826695.00,0.00,138339062.00,0.00,145444243.00,0.00,177988747.00
5401,25,752,72,3002,0,0,14,,EXECUÇÃO DO PLANO DE DESENVOLVIMENTO DA DISTRIBUIDORA (PDD),INICIANDO,UNIDADE,28,Não,Região Intermediária de Teófilo Otoni,DIVERSOS MUNICÍPIOS - REGIÃO INTERMEDIÁRIA DE TEÓFILO OTONI,0.00,313867376.00,0.00,460495100.00,0.00,395179068.00,0.00,316117306.00
5401,25,752,72,3002,0,0,15,,EXECUÇÃO DO PLANO DE DESENVOLVIMENTO DA DISTRIBUIDORA (PDD),INICIANDO,UNIDADE,76,Não,Região Intermediária de Uberaba,DIVERSOS MUNICÍPIOS - REGIÃO INTERMEDIÁRIA DE UBERABA,0.00,248524996.00,0.00,127122707.00,0.00,130234154.00,0.00,170876115.00
5401,25,752,72,3002,0,0,16,,EXECUÇÃO DO PLANO DE DESENVOLVIMENTO DA DISTRIBUIDORA (PDD),INICIANDO,UNIDADE,74,Não,Região Intermediária de Uberlândia,DIVERSOS MUNICÍPIOS - REGIÃO INTERMEDIÁRIA DE UBERLÂNDIA,0.00,225931007.00,0.00,166159583.00,0.00,152518141.00,0.00,236932823.00
5401,25,752,72,3002,0,0,17,,EXECUÇÃO DO PLANO DE DESENVOLVIMENTO DA DISTRIBUIDORA (PDD),INICIANDO,UNIDADE,15,Não,Região Intermediária de Varginha,DIVERSOS MUNICÍPIOS - REGIÃO INTERMEDIÁRIA DE VARGINHA,0.00,354935944.00,0.00,451276526.00,0.00,277910526.00,0.00,343154711.00
5401,25,752,72,3002,0,0,18,,EXECUÇÃO DO PLANO DE DESENVOLVIMENTO DA DISTRIBUIDORA (PDD),INICIANDO,UNIDADE,1,Não,Estadual,DIVERSOS MUNICÍPIOS - ESTADUAL,0.00,332667205.00,0.00,342708994.00,0.00,506294167.00,0.00,234441655.00
5511,17,512,21,8012,0,0,148,,"IMPLANTAÇÃO OU AMPLIAÇÃO REALIZADA EM SISTEMAS DE ABASTECIMENTO DE ÁGUA QUE PODEM CONTEMPLAR SISTEMA PRODUTOR QUE PODE SER ATRAVÉS DE POÇO PROFUNDO OU CAPTAÇÃO SUPERFICIAL, ESTAÇÃO DE TRATAMENTO DE ÁGUA, ADUTORAS, ESTAÇÕES ELEVATÓRIAS, RESERVATÓRIOS E REDES DE DISTRIBUIÇÃO DE ÁGUA PARA OPERAÇÃO DAS UNIDADES DE TRATAMENTO E DISTRIBUIÇÃO DE ÁGUA TRATADA EM LOCALIDADES QUE A COPANOR TENHA OU VENHA A TER A CONCESSÃO PARA O SERVIÇO DE ABASTECIMENTO DE ÁGUA. IMPLANTAÇÃO OU AMPLIAÇÃO REALIZADA EM SISTEMAS DE ESGOTAMENTO SANITÁRIO QUE PODEM CONTEMPLAR ESTAÇÃO DE TRATAMENTO DE ESGOTO, ESTAÇÕES ELEVATÓRIAS, INTERCEPTORES E REDES COLETORAS PARA OPERAÇÃO DAS UNIDADES DE COLETA E TRATAMENTO DE ESGOTO EM LOCALIDADES QUE A COPANOR TENHA OU VENHA A TER A CONCESSÃO PARA O SERVIÇO DE ESGOTAMENTO SANITÁRIO.",INICIANDO,ECONOMIA RESIDENCIAL,4000,Não,Região Intermediária de Teófilo Otoni,DIVERSOS MUNICÍPIOS - REGIÃO INTERMEDIÁRIA DE TEÓFILO OTONI,0.00,45000000.00,0.00,45000000.00,0.00,45000000.00,0.00,45000000.00
