uo_repassadora_cod,uo_repassadora_sigla,programa_trabalho_fmt,acao_desc,natureza_desp_fmt,item_desc,vlr_repassado,uo_beneficiada_cod,uo_beneficiada_sigla
1011,ALMG,1 01 1 01 031 729 4 239 0001,ELABORAÇÃO LEGISLATIVA E ACOMPANHAMENTO DAS POLÍTICAS PÚBLICAS,3 1 91 13 5,OBRIGAÇÃO PATRONAL - PESSOAL ATIVO - PREVIDÊNCIA,18400,2121,IPSM
1011,ALMG,1 01 1 01 031 729 4 239 0001,ELABORAÇÃO LEGISLATIVA E ACOMPANHAMENTO DAS POLÍTICAS PÚBLICAS,3 1 91 13 5,OBRIGAÇÃO PATRONAL - PESSOAL ATIVO - PREVIDÊNCIA,2915000,2361,IPLEMG
1011,ALMG,1 01 1 01 031 729 4 239 0001,ELABORAÇÃO LEGISLATIVA E ACOMPANHAMENTO DAS POLÍTICAS PÚBLICAS,3 1 91 13 5,OBRIGAÇÃO PATRONAL - PESSOAL ATIVO - PREVIDÊNCIA,103400000,4711,FFP - MG
1011,ALMG,1 01 1 01 031 729 4 239 0001,ELABORAÇÃO LEGISLATIVA E ACOMPANHAMENTO DAS POLÍTICAS PÚBLICAS,3 1 91 13 21,OBRIGAÇÃO PATRONAL - PESSOAL ATIVO - ASSISTÊNCIA À SAÚDE,35000,2011,IPSEMG
1011,ALMG,1 01 1 01 031 729 4 239 0001,ELABORAÇÃO LEGISLATIVA E ACOMPANHAMENTO DAS POLÍTICAS PÚBLICAS,3 3 91 30 8,PRODUTOS ALIMENTÍCIOS,120000,3051,EPAMIG
1011,ALMG,1 01 1 01 031 729 4 239 0001,ELABORAÇÃO LEGISLATIVA E ACOMPANHAMENTO DAS POLÍTICAS PÚBLICAS,4 5 91 41 3,CONTRIBUIÇÕES AO IPLEMG,11953000,2361,IPLEMG
1011,ALMG,1 01 1 09 272 705 7 006 0001,PROVENTOS DE INATIVOS CIVIS E PENSIONISTAS,3 1 91 13 22,OBRIGAÇÃO PATRONAL - PESSOAL INATIVO - ASSISTÊNCIA À SAÚDE,135000,2011,IPSEMG
1021,TCEMG,1 02 1 01 032 746 4 445 0001,FISCALIZAÇÃO DA GESTÃO DE RECURSOS PÚBLICOS E OPERACIONALIZAÇÃO DAS ATRIBUIÇÕES INSTITUCIONAIS,3 1 91 13 5,OBRIGAÇÃO PATRONAL - PESSOAL ATIVO - PREVIDÊNCIA,103953792,4711,FFP - MG
1021,TCEMG,1 02 1 01 032 746 4 445 0001,FISCALIZAÇÃO DA GESTÃO DE RECURSOS PÚBLICOS E OPERACIONALIZAÇÃO DAS ATRIBUIÇÕES INSTITUCIONAIS,3 1 91 13 21,OBRIGAÇÃO PATRONAL - PESSOAL ATIVO - ASSISTÊNCIA À SAÚDE,293694,2011,IPSEMG
1021,TCEMG,1 02 1 09 272 705 7 006 0001,PROVENTOS DE INATIVOS CIVIS E PENSIONISTAS,3 1 91 13 22,OBRIGAÇÃO PATRONAL - PESSOAL INATIVO - ASSISTÊNCIA À SAÚDE,583615,2011,IPSEMG
1031,TJMG,1 03 1 02 122 706 2 053 0001,REMUNERAÇÃO DE MAGISTRADOS DA ATIVA E ENCARGOS SOCIAIS,3 1 91 13 5,OBRIGAÇÃO PATRONAL - PESSOAL ATIVO - PREVIDÊNCIA,134377729,4711,FFP - MG
1031,TJMG,1 03 1 02 122 706 2 053 0001,REMUNERAÇÃO DE MAGISTRADOS DA ATIVA E ENCARGOS SOCIAIS,3 1 91 92 3,DESPESAS DE EXERCÍCIOS ANTERIORES – OBRIGAÇÕES PATRONAIS,24840000,2011,IPSEMG
1031,TJMG,1 03 1 02 122 706 2 054 0001,REMUNERAÇÃO DE SERVIDORES DA ATIVA E ENCARGOS SOCIAIS,3 1 91 13 5,OBRIGAÇÃO PATRONAL - PESSOAL ATIVO - PREVIDÊNCIA,1024562854,4711,FFP - MG
1031,TJMG,1 03 1 02 122 706 2 054 0001,REMUNERAÇÃO DE SERVIDORES DA ATIVA E ENCARGOS SOCIAIS,3 1 91 92 3,DESPESAS DE EXERCÍCIOS ANTERIORES – OBRIGAÇÕES PATRONAIS,33556000,2011,IPSEMG
1031,TJMG,1 03 1 09 272 705 7 006 0001,PROVENTOS DE INATIVOS CIVIS E PENSIONISTAS,3 1 91 13 6,OBRIGAÇÃO PATRONAL - PESSOAL INATIVO - PREVIDÊNCIA,4505056,4711,FFP - MG
1031,TJMG,1 03 1 09 272 705 7 006 0001,PROVENTOS DE INATIVOS CIVIS E PENSIONISTAS,3 1 91 13 8,OBRIGAÇÃO PATRONAL - PENSIONISTAS - PREVIDÊNCIA,2248347,2011,IPSEMG
1051,TJMMG,1 05 1 02 122 734 2 077 0001,REMUNERAÇÃO DE MAGISTRADOS DA ATIVA E ENCARGOS SOCIAIS,3 1 91 13 5,OBRIGAÇÃO PATRONAL - PESSOAL ATIVO - PREVIDÊNCIA,1423217,4711,FFP - MG
1051,TJMMG,1 05 1 02 122 734 2 078 0001,REMUNERAÇÃO DE SERVIDORES DA ATIVA E ENCARGOS SOCIAIS,3 1 91 13 5,OBRIGAÇÃO PATRONAL - PESSOAL ATIVO - PREVIDÊNCIA,8506517,4711,FFP - MG
1071,GABINETE MILITAR,1 07 1 06 122 705 2 417 0001,REMUNERAÇÃO DE PESSOAL ATIVO E ENCARGOS SOCIAIS,3 1 91 13 5,OBRIGAÇÃO PATRONAL - PESSOAL ATIVO - PREVIDÊNCIA,254567,4711,FFP - MG
1071,GABINETE MILITAR,1 07 1 06 122 705 2 417 0001,REMUNERAÇÃO DE PESSOAL ATIVO E ENCARGOS SOCIAIS,3 1 91 13 21,OBRIGAÇÃO PATRONAL - PESSOAL ATIVO - ASSISTÊNCIA À SAÚDE,60608,2011,IPSEMG
1071,GABINETE MILITAR,1 07 1 06 122 705 2 417 0001,REMUNERAÇÃO DE PESSOAL ATIVO E ENCARGOS SOCIAIS,3 1 91 13 26,OBRIGAÇÃO PATRONAL SUPLEMENTAR – PESSOAL ATIVO,190543,4711,FFP - MG
1081,AGE,1 08 1 03 122 705 2 417 0001,REMUNERAÇÃO DE PESSOAL ATIVO E ENCARGOS SOCIAIS,3 1 91 13 5,OBRIGAÇÃO PATRONAL - PESSOAL ATIVO - PREVIDÊNCIA,212136,2011,IPSEMG
1081,AGE,1 08 1 03 122 705 2 417 0001,REMUNERAÇÃO DE PESSOAL ATIVO E ENCARGOS SOCIAIS,3 1 91 13 5,OBRIGAÇÃO PATRONAL - PESSOAL ATIVO - PREVIDÊNCIA,179171,2121,IPSM
1081,AGE,1 08 1 03 122 705 2 417 0001,REMUNERAÇÃO DE PESSOAL ATIVO E ENCARGOS SOCIAIS,3 1 91 13 5,OBRIGAÇÃO PATRONAL - PESSOAL ATIVO - PREVIDÊNCIA,98148306,4711,FFP - MG
1091,PGJ,1 09 1 03 062 703 4 493 0001,OPERACIONALIZAÇÃO DAS ATRIBUIÇÕES INSTITUCIONAIS DO MINISTÉRIO PÚBLICO - PROCURADORIA E PROMOTORIA DE JUSTIÇA,3 1 91 13 5,OBRIGAÇÃO PATRONAL - PESSOAL ATIVO - PREVIDÊNCIA,205000000,4711,FFP - MG
1091,PGJ,1 09 1 03 122 703 2 009 0001,DIREÇÃO ADMINISTRATIVA,3 1 91 13 5,OBRIGAÇÃO PATRONAL - PESSOAL ATIVO - PREVIDÊNCIA,152975162,4711,FFP - MG
1091,PGJ,1 09 1 03 122 703 2 009 0001,DIREÇÃO ADMINISTRATIVA,3 3 91 39 20,LOCAÇÃO DE BENS IMÓVEIS,3199524,4031,FEPJ
1101,OGE,1 10 1 14 122 705 2 417 0001,REMUNERAÇÃO DE PESSOAL ATIVO E ENCARGOS SOCIAIS,3 1 91 13 5,OBRIGAÇÃO PATRONAL - PESSOAL ATIVO - PREVIDÊNCIA,1569258,4711,FFP - MG
1101,OGE,1 10 1 14 122 705 2 417 0001,REMUNERAÇÃO DE PESSOAL ATIVO E ENCARGOS SOCIAIS,3 1 91 13 21,OBRIGAÇÃO PATRONAL - PESSOAL ATIVO - ASSISTÊNCIA À SAÚDE,60755,2011,IPSEMG
1101,OGE,1 10 1 14 122 705 2 417 0001,REMUNERAÇÃO DE PESSOAL ATIVO E ENCARGOS SOCIAIS,3 1 91 13 26,OBRIGAÇÃO PATRONAL SUPLEMENTAR – PESSOAL ATIVO,1283939,4711,FFP - MG
1191,SEF,1 19 1 04 122 705 2 417 0001,REMUNERAÇÃO DE PESSOAL ATIVO E ENCARGOS SOCIAIS,3 1 91 13 5,OBRIGAÇÃO PATRONAL - PESSOAL ATIVO - PREVIDÊNCIA,230446971,4711,FFP - MG
1191,SEF,1 19 1 04 122 705 2 417 0001,REMUNERAÇÃO DE PESSOAL ATIVO E ENCARGOS SOCIAIS,3 1 91 13 21,OBRIGAÇÃO PATRONAL - PESSOAL ATIVO - ASSISTÊNCIA À SAÚDE,1646934,2011,IPSEMG
1191,SEF,1 19 1 04 122 705 2 417 0001,REMUNERAÇÃO DE PESSOAL ATIVO E ENCARGOS SOCIAIS,3 1 91 13 26,OBRIGAÇÃO PATRONAL SUPLEMENTAR – PESSOAL ATIVO,180655344,4711,FFP - MG
1221,SEDE,1 22 1 23 122 705 2 417 0001,REMUNERAÇÃO DE PESSOAL ATIVO E ENCARGOS SOCIAIS,3 1 91 13 5,OBRIGAÇÃO PATRONAL - PESSOAL ATIVO - PREVIDÊNCIA,1159062,4711,FFP - MG
1221,SEDE,1 22 1 23 122 705 2 417 0001,REMUNERAÇÃO DE PESSOAL ATIVO E ENCARGOS SOCIAIS,3 1 91 13 21,OBRIGAÇÃO PATRONAL - PESSOAL ATIVO - ASSISTÊNCIA À SAÚDE,86393,2011,IPSEMG
1221,SEDE,1 22 1 23 122 705 2 417 0001,REMUNERAÇÃO DE PESSOAL ATIVO E ENCARGOS SOCIAIS,3 1 91 13 26,OBRIGAÇÃO PATRONAL SUPLEMENTAR – PESSOAL ATIVO,948323,4711,FFP - MG
1231,SEAPA,1 23 1 20 122 705 2 417 0001,REMUNERAÇÃO DE PESSOAL ATIVO E ENCARGOS SOCIAIS,3 1 91 13 4,INSS,1134732,4711,FFP - MG
1231,SEAPA,1 23 1 20 122 705 2 417 0001,REMUNERAÇÃO DE PESSOAL ATIVO E ENCARGOS SOCIAIS,3 1 91 13 26,OBRIGAÇÃO PATRONAL SUPLEMENTAR – PESSOAL ATIVO,144288,2011,IPSEMG
1231,SEAPA,1 23 1 20 122 705 2 417 0001,REMUNERAÇÃO DE PESSOAL ATIVO E ENCARGOS SOCIAIS,3 1 91 13 26,OBRIGAÇÃO PATRONAL SUPLEMENTAR – PESSOAL ATIVO,1089856,4711,FFP - MG
1231,SEAPA,1 23 1 21 605 110 4 363 0001,REGULARIZAÇÃO FUNDIÁRIA DE IMÓVEIS RURAIS,3 1 91 13 4,INSS,155472,4711,FFP - MG
1231,SEAPA,1 23 1 21 605 110 4 363 0001,REGULARIZAÇÃO FUNDIÁRIA DE IMÓVEIS RURAIS,3 1 91 13 26,OBRIGAÇÃO PATRONAL SUPLEMENTAR – PESSOAL ATIVO,169093,4711,FFP - MG
1251,PMMG,1 25 1 06 122 705 2 500 0001,ASSESSORAMENTO E GERENCIAMENTO DE POLÍTICAS PÚBLICAS,3 1 91 13 5,OBRIGAÇÃO PATRONAL - PESSOAL ATIVO - PREVIDÊNCIA,83764,2011,IPSEMG
1251,PMMG,1 25 1 06 122 705 2 500 0001,ASSESSORAMENTO E GERENCIAMENTO DE POLÍTICAS PÚBLICAS,3 1 91 13 5,OBRIGAÇÃO PATRONAL - PESSOAL ATIVO - PREVIDÊNCIA,18944203,2121,IPSM
1251,PMMG,1 25 1 06 122 705 2 500 0001,ASSESSORAMENTO E GERENCIAMENTO DE POLÍTICAS PÚBLICAS,3 1 91 13 5,OBRIGAÇÃO PATRONAL - PESSOAL ATIVO - PREVIDÊNCIA,517047,4711,FFP - MG
1251,PMMG,1 25 1 06 122 705 2 500 0001,ASSESSORAMENTO E GERENCIAMENTO DE POLÍTICAS PÚBLICAS,3 1 91 13 5,OBRIGAÇÃO PATRONAL - PESSOAL ATIVO - PREVIDÊNCIA,8820686,9901,RGE
1251,PMMG,1 25 1 06 122 705 2 500 0001,ASSESSORAMENTO E GERENCIAMENTO DE POLÍTICAS PÚBLICAS,3 1 91 13 21,OBRIGAÇÃO PATRONAL - PESSOAL ATIVO - ASSISTÊNCIA À SAÚDE,16338540,2121,IPSM
1251,PMMG,1 25 1 06 181 046 4 372 0001,SUPORTE AÉREO AOS SERVIÇOS DE SEGURANÇA PÚBLICA,3 1 91 13 5,OBRIGAÇÃO PATRONAL - PESSOAL ATIVO - PREVIDÊNCIA,1538,2011,IPSEMG
1251,PMMG,1 25 1 06 181 046 4 372 0001,SUPORTE AÉREO AOS SERVIÇOS DE SEGURANÇA PÚBLICA,3 1 91 13 5,OBRIGAÇÃO PATRONAL - PESSOAL ATIVO - PREVIDÊNCIA,2795046,2121,IPSM
1251,PMMG,1 25 1 06 181 046 4 372 0001,SUPORTE AÉREO AOS SERVIÇOS DE SEGURANÇA PÚBLICA,3 1 91 13 5,OBRIGAÇÃO PATRONAL - PESSOAL ATIVO - PREVIDÊNCIA,30935,4711,FFP - MG
1251,PMMG,1 25 1 06 181 046 4 372 0001,SUPORTE AÉREO AOS SERVIÇOS DE SEGURANÇA PÚBLICA,3 1 91 13 5,OBRIGAÇÃO PATRONAL - PESSOAL ATIVO - PREVIDÊNCIA,1301413,9901,RGE
1251,PMMG,1 25 1 06 181 046 4 372 0001,SUPORTE AÉREO AOS SERVIÇOS DE SEGURANÇA PÚBLICA,3 1 91 13 21,OBRIGAÇÃO PATRONAL - PESSOAL ATIVO - ASSISTÊNCIA À SAÚDE,2410604,2121,IPSM
1251,PMMG,1 25 1 06 181 137 2 061 0001,EDUCAÇÃO PROFISSIONAL DE SEGURANÇA PÚBLICA,3 1 91 13 5,OBRIGAÇÃO PATRONAL - PESSOAL ATIVO - PREVIDÊNCIA,11293,2011,IPSEMG
1251,PMMG,1 25 1 06 181 137 2 061 0001,EDUCAÇÃO PROFISSIONAL DE SEGURANÇA PÚBLICA,3 1 91 13 5,OBRIGAÇÃO PATRONAL - PESSOAL ATIVO - PREVIDÊNCIA,14492833,2121,IPSM
1251,PMMG,1 25 1 06 181 137 2 061 0001,EDUCAÇÃO PROFISSIONAL DE SEGURANÇA PÚBLICA,3 1 91 13 5,OBRIGAÇÃO PATRONAL - PESSOAL ATIVO - PREVIDÊNCIA,125947,4711,FFP - MG
1251,PMMG,1 25 1 06 181 137 2 061 0001,EDUCAÇÃO PROFISSIONAL DE SEGURANÇA PÚBLICA,3 1 91 13 5,OBRIGAÇÃO PATRONAL - PESSOAL ATIVO - PREVIDÊNCIA,6748066,9901,RGE
1251,PMMG,1 25 1 06 181 137 2 061 0001,EDUCAÇÃO PROFISSIONAL DE SEGURANÇA PÚBLICA,3 1 91 13 21,OBRIGAÇÃO PATRONAL - PESSOAL ATIVO - ASSISTÊNCIA À SAÚDE,12499429,2121,IPSM
1251,PMMG,1 25 1 06 181 137 4 365 0001,POLICIAMENTO OSTENSIVO GERAL,3 1 91 13 5,OBRIGAÇÃO PATRONAL - PESSOAL ATIVO - PREVIDÊNCIA,1711105,2011,IPSEMG
1251,PMMG,1 25 1 06 181 137 4 365 0001,POLICIAMENTO OSTENSIVO GERAL,3 1 91 13 5,OBRIGAÇÃO PATRONAL - PESSOAL ATIVO - PREVIDÊNCIA,289132018,2121,IPSM
1251,PMMG,1 25 1 06 181 137 4 365 0001,POLICIAMENTO OSTENSIVO GERAL,3 1 91 13 5,OBRIGAÇÃO PATRONAL - PESSOAL ATIVO - PREVIDÊNCIA,19400333,4711,FFP - MG
1251,PMMG,1 25 1 06 181 137 4 365 0001,POLICIAMENTO OSTENSIVO GERAL,3 1 91 13 5,OBRIGAÇÃO PATRONAL - PESSOAL ATIVO - PREVIDÊNCIA,134623909,9901,RGE
1251,PMMG,1 25 1 06 181 137 4 365 0001,POLICIAMENTO OSTENSIVO GERAL,3 1 91 13 21,OBRIGAÇÃO PATRONAL - PESSOAL ATIVO - ASSISTÊNCIA À SAÚDE,249363616,2121,IPSM
1251,PMMG,1 25 1 06 181 137 4 374 0001,POLICIAMENTO ESPECIALIZADO,3 1 91 13 5,OBRIGAÇÃO PATRONAL - PESSOAL ATIVO - PREVIDÊNCIA,37704,2011,IPSEMG
1251,PMMG,1 25 1 06 181 137 4 374 0001,POLICIAMENTO ESPECIALIZADO,3 1 91 13 5,OBRIGAÇÃO PATRONAL - PESSOAL ATIVO - PREVIDÊNCIA,34766482,2121,IPSM
1251,PMMG,1 25 1 06 181 137 4 374 0001,POLICIAMENTO ESPECIALIZADO,3 1 91 13 5,OBRIGAÇÃO PATRONAL - PESSOAL ATIVO - PREVIDÊNCIA,494952,4711,FFP - MG
1251,PMMG,1 25 1 06 181 137 4 374 0001,POLICIAMENTO ESPECIALIZADO,3 1 91 13 5,OBRIGAÇÃO PATRONAL - PESSOAL ATIVO - PREVIDÊNCIA,16187760,9901,RGE
1251,PMMG,1 25 1 06 181 137 4 374 0001,POLICIAMENTO ESPECIALIZADO,3 1 91 13 21,OBRIGAÇÃO PATRONAL - PESSOAL ATIVO - ASSISTÊNCIA À SAÚDE,29984558,2121,IPSM
1251,PMMG,1 25 1 06 272 705 7 007 0001,PROVENTOS DE INATIVOS MILITARES,3 1 91 13 6,OBRIGAÇÃO PATRONAL - PESSOAL INATIVO - PREVIDÊNCIA,811298149,2121,IPSM
1251,PMMG,1 25 1 06 272 705 7 007 0001,PROVENTOS DE INATIVOS MILITARES,3 1 91 13 6,OBRIGAÇÃO PATRONAL - PESSOAL INATIVO - PREVIDÊNCIA,308346675,9901,RGE
1251,PMMG,1 25 1 06 272 705 7 007 0001,PROVENTOS DE INATIVOS MILITARES,3 1 91 13 22,OBRIGAÇÃO PATRONAL - PESSOAL INATIVO - ASSISTÊNCIA À SAÚDE,429851368,2121,IPSM
1251,PMMG,1 25 1 10 302 135 2 060 0001,ASSISTÊNCIA À SAÚDE,3 1 91 13 5,OBRIGAÇÃO PATRONAL - PESSOAL ATIVO - PREVIDÊNCIA,43361,2011,IPSEMG
1251,PMMG,1 25 1 10 302 135 2 060 0001,ASSISTÊNCIA À SAÚDE,3 1 91 13 5,OBRIGAÇÃO PATRONAL - PESSOAL ATIVO - PREVIDÊNCIA,18012520,2121,IPSM
1251,PMMG,1 25 1 10 302 135 2 060 0001,ASSISTÊNCIA À SAÚDE,3 1 91 13 5,OBRIGAÇÃO PATRONAL - PESSOAL ATIVO - PREVIDÊNCIA,601013,4711,FFP - MG
1251,PMMG,1 25 1 10 302 135 2 060 0001,ASSISTÊNCIA À SAÚDE,3 1 91 13 5,OBRIGAÇÃO PATRONAL - PESSOAL ATIVO - PREVIDÊNCIA,8386882,9901,RGE
1251,PMMG,1 25 1 10 302 135 2 060 0001,ASSISTÊNCIA À SAÚDE,3 1 91 13 21,OBRIGAÇÃO PATRONAL - PESSOAL ATIVO - ASSISTÊNCIA À SAÚDE,15535005,2121,IPSM
1251,PMMG,1 25 1 12 361 136 2 058 0001,ENSINO FUNDAMENTAL,3 1 91 13 5,OBRIGAÇÃO PATRONAL - PESSOAL ATIVO - PREVIDÊNCIA,19243,2011,IPSEMG
1251,PMMG,1 25 1 12 361 136 2 058 0001,ENSINO FUNDAMENTAL,3 1 91 13 5,OBRIGAÇÃO PATRONAL - PESSOAL ATIVO - PREVIDÊNCIA,1552803,2121,IPSM
1251,PMMG,1 25 1 12 361 136 2 058 0001,ENSINO FUNDAMENTAL,3 1 91 13 5,OBRIGAÇÃO PATRONAL - PESSOAL ATIVO - PREVIDÊNCIA,494951,4711,FFP - MG
1251,PMMG,1 25 1 12 361 136 2 058 0001,ENSINO FUNDAMENTAL,3 1 91 13 5,OBRIGAÇÃO PATRONAL - PESSOAL ATIVO - PREVIDÊNCIA,723008,9901,RGE
1251,PMMG,1 25 1 12 361 136 2 058 0001,ENSINO FUNDAMENTAL,3 1 91 13 21,OBRIGAÇÃO PATRONAL - PESSOAL ATIVO - ASSISTÊNCIA À SAÚDE,1339225,2121,IPSM
1251,PMMG,1 25 1 12 362 136 2 059 0001,ENSINO MÉDIO,3 1 91 13 5,OBRIGAÇÃO PATRONAL - PESSOAL ATIVO - PREVIDÊNCIA,650463,2011,IPSEMG
1251,PMMG,1 25 1 12 362 136 2 059 0001,ENSINO MÉDIO,3 1 91 13 5,OBRIGAÇÃO PATRONAL - PESSOAL ATIVO - PREVIDÊNCIA,13768191,2121,IPSM
1251,PMMG,1 25 1 12 362 136 2 059 0001,ENSINO MÉDIO,3 1 91 13 5,OBRIGAÇÃO PATRONAL - PESSOAL ATIVO - PREVIDÊNCIA,430873,4711,FFP - MG
1251,PMMG,1 25 1 12 362 136 2 059 0001,ENSINO MÉDIO,3 1 91 13 5,OBRIGAÇÃO PATRONAL - PESSOAL ATIVO - PREVIDÊNCIA,6410663,9901,RGE
1251,PMMG,1 25 1 12 362 136 2 059 0001,ENSINO MÉDIO,3 1 91 13 21,OBRIGAÇÃO PATRONAL - PESSOAL ATIVO - ASSISTÊNCIA À SAÚDE,11874458,2121,IPSM
1261,SEE,1 26 1 12 361 162 2 080 0001,EDUCAÇÃO INTEGRAL - ENSINO FUNDAMENTAL,3 1 91 13 5,OBRIGAÇÃO PATRONAL - PESSOAL ATIVO - PREVIDÊNCIA,550112,2011,IPSEMG
1261,SEE,1 26 1 12 361 162 2 080 0001,EDUCAÇÃO INTEGRAL - ENSINO FUNDAMENTAL,3 1 91 13 5,OBRIGAÇÃO PATRONAL - PESSOAL ATIVO - PREVIDÊNCIA,7308362,4711,FFP - MG
1261,SEE,1 26 1 12 361 162 2 081 0001,ENSINO FUNDAMENTAL - APOIO ADMINISTRATIVO,3 1 91 13 5,OBRIGAÇÃO PATRONAL - PESSOAL ATIVO - PREVIDÊNCIA,4586088,2011,IPSEMG
1261,SEE,1 26 1 12 361 162 2 081 0001,ENSINO FUNDAMENTAL - APOIO ADMINISTRATIVO,3 1 91 13 5,OBRIGAÇÃO PATRONAL - PESSOAL ATIVO - PREVIDÊNCIA,192929750,4711,FFP - MG
1261,SEE,1 26 1 12 361 162 2 085 0001,ENSINO FUNDAMENTAL - PROFISSIONAIS DO MAGISTÉRIO,3 1 91 13 5,OBRIGAÇÃO PATRONAL - PESSOAL ATIVO - PREVIDÊNCIA,34695442,2011,IPSEMG
1261,SEE,1 26 1 12 361 162 2 085 0001,ENSINO FUNDAMENTAL - PROFISSIONAIS DO MAGISTÉRIO,3 1 91 13 5,OBRIGAÇÃO PATRONAL - PESSOAL ATIVO - PREVIDÊNCIA,1088682260,4711,FFP - MG
1261,SEE,1 26 1 12 362 162 2 086 0001,ENSINO MÉDIO - APOIO ADMINISTRATIVO,3 1 91 13 5,OBRIGAÇÃO PATRONAL - PESSOAL ATIVO - PREVIDÊNCIA,5403230,2011,IPSEMG
1261,SEE,1 26 1 12 362 162 2 086 0001,ENSINO MÉDIO - APOIO ADMINISTRATIVO,3 1 91 13 5,OBRIGAÇÃO PATRONAL - PESSOAL ATIVO - PREVIDÊNCIA,71785764,4711,FFP - MG
1261,SEE,1 26 1 12 362 162 2 090 0001,ENSINO MÉDIO - PROFISSIONAIS DO MAGISTÉRIO,3 1 91 13 5,OBRIGAÇÃO PATRONAL - PESSOAL ATIVO - PREVIDÊNCIA,19689941,2011,IPSEMG
1261,SEE,1 26 1 12 362 162 2 090 0001,ENSINO MÉDIO - PROFISSIONAIS DO MAGISTÉRIO,3 1 91 13 5,OBRIGAÇÃO PATRONAL - PESSOAL ATIVO - PREVIDÊNCIA,660166356,4711,FFP - MG
1261,SEE,1 26 1 12 362 162 2 093 0001,EDUCAÇÃO INTEGRAL - ENSINO MÉDIO,3 1 91 13 5,OBRIGAÇÃO PATRONAL - PESSOAL ATIVO - PREVIDÊNCIA,1174119,2011,IPSEMG
1261,SEE,1 26 1 12 362 162 2 093 0001,EDUCAÇÃO INTEGRAL - ENSINO MÉDIO,3 1 91 13 5,OBRIGAÇÃO PATRONAL - PESSOAL ATIVO - PREVIDÊNCIA,15599010,4711,FFP - MG
1261,SEE,1 26 1 12 363 162 2 094 0001,EDUCAÇÃO PROFISSIONAL,3 1 91 13 5,OBRIGAÇÃO PATRONAL - PESSOAL ATIVO - PREVIDÊNCIA,239998,2011,IPSEMG
1261,SEE,1 26 1 12 363 162 2 094 0001,EDUCAÇÃO PROFISSIONAL,3 1 91 13 5,OBRIGAÇÃO PATRONAL - PESSOAL ATIVO - PREVIDÊNCIA,3188552,4711,FFP - MG
1261,SEE,1 26 1 12 365 162 2 092 0001,EDUCAÇÃO INFANTIL,3 1 91 13 5,OBRIGAÇÃO PATRONAL - PESSOAL ATIVO - PREVIDÊNCIA,93676,2011,IPSEMG
1261,SEE,1 26 1 12 365 162 2 092 0001,EDUCAÇÃO INFANTIL,3 1 91 13 5,OBRIGAÇÃO PATRONAL - PESSOAL ATIVO - PREVIDÊNCIA,1244554,4711,FFP - MG
1261,SEE,1 26 1 12 366 162 2 082 0001,ENSINO FUNDAMENTAL - EDUCAÇÃO DE JOVENS E ADULTOS - EJA,3 1 91 13 5,OBRIGAÇÃO PATRONAL - PESSOAL ATIVO - PREVIDÊNCIA,1036895,2011,IPSEMG
1261,SEE,1 26 1 12 366 162 2 082 0001,ENSINO FUNDAMENTAL - EDUCAÇÃO DE JOVENS E ADULTOS - EJA,3 1 91 13 5,OBRIGAÇÃO PATRONAL - PESSOAL ATIVO - PREVIDÊNCIA,13775895,4711,FFP - MG
1261,SEE,1 26 1 12 366 162 2 088 0001,ENSINO MÉDIO - EDUCAÇÃO DE JOVENS E ADULTOS - EJA,3 1 91 13 5,OBRIGAÇÃO PATRONAL - PESSOAL ATIVO - PREVIDÊNCIA,3647712,2011,IPSEMG
1261,SEE,1 26 1 12 366 162 2 088 0001,ENSINO MÉDIO - EDUCAÇÃO DE JOVENS E ADULTOS - EJA,3 1 91 13 5,OBRIGAÇÃO PATRONAL - PESSOAL ATIVO - PREVIDÊNCIA,48462463,4711,FFP - MG
1261,SEE,1 26 1 12 367 162 2 083 0001,ENSINO FUNDAMENTAL - EDUCAÇÃO ESPECIAL,3 1 91 13 5,OBRIGAÇÃO PATRONAL - PESSOAL ATIVO - PREVIDÊNCIA,2729302,2011,IPSEMG
1261,SEE,1 26 1 12 367 162 2 083 0001,ENSINO FUNDAMENTAL - EDUCAÇÃO ESPECIAL,3 1 91 13 5,OBRIGAÇÃO PATRONAL - PESSOAL ATIVO - PREVIDÊNCIA,36260721,4711,FFP - MG
1261,SEE,1 26 1 12 367 162 2 089 0001,ENSINO MÉDIO - EDUCAÇÃO ESPECIAL,3 1 91 13 5,OBRIGAÇÃO PATRONAL - PESSOAL ATIVO - PREVIDÊNCIA,1038903,2011,IPSEMG
1261,SEE,1 26 1 12 367 162 2 089 0001,ENSINO MÉDIO - EDUCAÇÃO ESPECIAL,3 1 91 13 5,OBRIGAÇÃO PATRONAL - PESSOAL ATIVO - PREVIDÊNCIA,13802565,4711,FFP - MG
1261,SEE,1 26 1 12 368 162 2 096 0001,PROFISSIONAIS DO ÓRGÃO CENTRAL,3 1 91 13 5,OBRIGAÇÃO PATRONAL - PESSOAL ATIVO - PREVIDÊNCIA,921118,2011,IPSEMG
1261,SEE,1 26 1 12 368 162 2 096 0001,PROFISSIONAIS DO ÓRGÃO CENTRAL,3 1 91 13 5,OBRIGAÇÃO PATRONAL - PESSOAL ATIVO - PREVIDÊNCIA,12237710,4711,FFP - MG
1261,SEE,1 26 1 12 368 162 2 097 0001,PROFISSIONAIS DAS SUPERINTENDÊNCIAS REGIONAIS DE ENSINO - SRE,3 1 91 13 5,OBRIGAÇÃO PATRONAL - PESSOAL ATIVO - PREVIDÊNCIA,9458354,2011,IPSEMG
1261,SEE,1 26 1 12 368 162 2 097 0001,PROFISSIONAIS DAS SUPERINTENDÊNCIAS REGIONAIS DE ENSINO - SRE,3 1 91 13 5,OBRIGAÇÃO PATRONAL - PESSOAL ATIVO - PREVIDÊNCIA,125660986,4711,FFP - MG
1261,SEE,1 26 1 12 368 162 2 098 0001,PROFISSIONAIS DO CONSELHO ESTADUAL DE EDUCAÇÃO,3 1 91 13 5,OBRIGAÇÃO PATRONAL - PESSOAL ATIVO - PREVIDÊNCIA,45152,2011,IPSEMG
1261,SEE,1 26 1 12 368 162 2 098 0001,PROFISSIONAIS DO CONSELHO ESTADUAL DE EDUCAÇÃO,3 1 91 13 5,OBRIGAÇÃO PATRONAL - PESSOAL ATIVO - PREVIDÊNCIA,599875,4711,FFP - MG
1271,SECULT,1 27 1 13 122 705 2 417 0001,REMUNERAÇÃO DE PESSOAL ATIVO E ENCARGOS SOCIAIS,3 1 91 13 5,OBRIGAÇÃO PATRONAL - PESSOAL ATIVO - PREVIDÊNCIA,2370885,4711,FFP - MG
1271,SECULT,1 27 1 13 122 705 2 417 0001,REMUNERAÇÃO DE PESSOAL ATIVO E ENCARGOS SOCIAIS,3 1 91 13 21,OBRIGAÇÃO PATRONAL - PESSOAL ATIVO - ASSISTÊNCIA À SAÚDE,182376,2011,IPSEMG
1271,SECULT,1 27 1 13 122 705 2 417 0001,REMUNERAÇÃO DE PESSOAL ATIVO E ENCARGOS SOCIAIS,3 1 91 13 26,OBRIGAÇÃO PATRONAL SUPLEMENTAR – PESSOAL ATIVO,2006134,4711,FFP - MG
1301,SEINFRA,1 30 1 15 451 705 2 417 0001,REMUNERAÇÃO DE PESSOAL ATIVO E ENCARGOS SOCIAIS,3 1 91 13 5,OBRIGAÇÃO PATRONAL - PESSOAL ATIVO - PREVIDÊNCIA,9080661,4711,FFP - MG
1301,SEINFRA,1 30 1 15 451 705 2 417 0001,REMUNERAÇÃO DE PESSOAL ATIVO E ENCARGOS SOCIAIS,3 1 91 13 21,OBRIGAÇÃO PATRONAL - PESSOAL ATIVO - ASSISTÊNCIA À SAÚDE,198876,2011,IPSEMG
1371,SEMAD,1 37 1 18 122 705 2 417 0001,REMUNERAÇÃO DE PESSOAL ATIVO E ENCARGOS SOCIAIS,3 1 91 13 5,OBRIGAÇÃO PATRONAL - PESSOAL ATIVO - PREVIDÊNCIA,529619,2011,IPSEMG
1371,SEMAD,1 37 1 18 122 705 2 417 0001,REMUNERAÇÃO DE PESSOAL ATIVO E ENCARGOS SOCIAIS,3 1 91 13 5,OBRIGAÇÃO PATRONAL - PESSOAL ATIVO - PREVIDÊNCIA,34064706,4711,FFP - MG
1401,CBMMG,1 40 1 06 122 705 2 500 0001,ASSESSORAMENTO E GERENCIAMENTO DE POLÍTICAS PÚBLICAS,3 1 91 13 5,OBRIGAÇÃO PATRONAL - PESSOAL ATIVO - PREVIDÊNCIA,4310,2011,IPSEMG
1401,CBMMG,1 40 1 06 122 705 2 500 0001,ASSESSORAMENTO E GERENCIAMENTO DE POLÍTICAS PÚBLICAS,3 1 91 13 5,OBRIGAÇÃO PATRONAL - PESSOAL ATIVO - PREVIDÊNCIA,161535,2121,IPSM
1401,CBMMG,1 40 1 06 122 705 2 500 0001,ASSESSORAMENTO E GERENCIAMENTO DE POLÍTICAS PÚBLICAS,3 1 91 13 5,OBRIGAÇÃO PATRONAL - PESSOAL ATIVO - PREVIDÊNCIA,36582,4711,FFP - MG
1401,CBMMG,1 40 1 06 122 705 2 500 0001,ASSESSORAMENTO E GERENCIAMENTO DE POLÍTICAS PÚBLICAS,3 1 91 13 5,OBRIGAÇÃO PATRONAL - PESSOAL ATIVO - PREVIDÊNCIA,75213,9901,RGE
1401,CBMMG,1 40 1 06 122 705 2 500 0001,ASSESSORAMENTO E GERENCIAMENTO DE POLÍTICAS PÚBLICAS,3 1 91 13 21,OBRIGAÇÃO PATRONAL - PESSOAL ATIVO - ASSISTÊNCIA À SAÚDE,139317,2121,IPSM
1401,CBMMG,1 40 1 06 128 052 4 119 0001,"RECRUTAMENTO, TREINAMENTO E FORMAÇÃO DE BOMBEIROS",3 1 91 13 5,OBRIGAÇÃO PATRONAL - PESSOAL ATIVO - PREVIDÊNCIA,2765897,2121,IPSM
1401,CBMMG,1 40 1 06 128 052 4 119 0001,"RECRUTAMENTO, TREINAMENTO E FORMAÇÃO DE BOMBEIROS",3 1 91 13 5,OBRIGAÇÃO PATRONAL - PESSOAL ATIVO - PREVIDÊNCIA,1287841,9901,RGE
1401,CBMMG,1 40 1 06 128 052 4 119 0001,"RECRUTAMENTO, TREINAMENTO E FORMAÇÃO DE BOMBEIROS",3 1 91 13 21,OBRIGAÇÃO PATRONAL - PESSOAL ATIVO - ASSISTÊNCIA À SAÚDE,2385464,2121,IPSM
1401,CBMMG,1 40 1 06 182 052 4 114 0001,"GESTÃO DA PREVENÇÃO, MITIGAÇÃO E PREPARAÇÃO DE DESASTRE",3 1 91 13 5,OBRIGAÇÃO PATRONAL - PESSOAL ATIVO - PREVIDÊNCIA,25465725,2121,IPSM
1401,CBMMG,1 40 1 06 182 052 4 114 0001,"GESTÃO DA PREVENÇÃO, MITIGAÇÃO E PREPARAÇÃO DE DESASTRE",3 1 91 13 5,OBRIGAÇÃO PATRONAL - PESSOAL ATIVO - PREVIDÊNCIA,11857198,9901,RGE
1401,CBMMG,1 40 1 06 182 052 4 114 0001,"GESTÃO DA PREVENÇÃO, MITIGAÇÃO E PREPARAÇÃO DE DESASTRE",3 1 91 13 21,OBRIGAÇÃO PATRONAL - PESSOAL ATIVO - ASSISTÊNCIA À SAÚDE,21963065,2121,IPSM
1401,CBMMG,1 40 1 06 182 052 4 115 0001,GESTÃO DA RESPOSTA A DESASTRES,3 1 91 13 5,OBRIGAÇÃO PATRONAL - PESSOAL ATIVO - PREVIDÊNCIA,34055558,2121,IPSM
1401,CBMMG,1 40 1 06 182 052 4 115 0001,GESTÃO DA RESPOSTA A DESASTRES,3 1 91 13 5,OBRIGAÇÃO PATRONAL - PESSOAL ATIVO - PREVIDÊNCIA,15856744,9901,RGE
1401,CBMMG,1 40 1 06 182 052 4 115 0001,GESTÃO DA RESPOSTA A DESASTRES,3 1 91 13 21,OBRIGAÇÃO PATRONAL - PESSOAL ATIVO - ASSISTÊNCIA À SAÚDE,29371417,2121,IPSM
1401,CBMMG,1 40 1 06 272 705 7 007 0001,PROVENTOS DE INATIVOS MILITARES,3 1 91 13 6,OBRIGAÇÃO PATRONAL - PESSOAL INATIVO - PREVIDÊNCIA,63078137,2121,IPSM
1401,CBMMG,1 40 1 06 272 705 7 007 0001,PROVENTOS DE INATIVOS MILITARES,3 1 91 13 6,OBRIGAÇÃO PATRONAL - PESSOAL INATIVO - PREVIDÊNCIA,24205450,9901,RGE
1401,CBMMG,1 40 1 06 272 705 7 007 0001,PROVENTOS DE INATIVOS MILITARES,3 1 91 13 22,OBRIGAÇÃO PATRONAL - PESSOAL INATIVO - ASSISTÊNCIA À SAÚDE,33743660,2121,IPSM
1401,CBMMG,1 40 1 10 302 052 2 021 0001,"ASSISTÊNCIA MÉDICA, ODONTOLÓGICA, PSICOLÓGICA E FISIOTERÁPICA AOS BOMBEIROS MILITARES E SEUS DEPENDENTES",3 1 91 13 5,OBRIGAÇÃO PATRONAL - PESSOAL ATIVO - PREVIDÊNCIA,1982230,2121,IPSM
1401,CBMMG,1 40 1 10 302 052 2 021 0001,"ASSISTÊNCIA MÉDICA, ODONTOLÓGICA, PSICOLÓGICA E FISIOTERÁPICA AOS BOMBEIROS MILITARES E SEUS DEPENDENTES",3 1 91 13 5,OBRIGAÇÃO PATRONAL - PESSOAL ATIVO - PREVIDÊNCIA,922955,9901,RGE
1401,CBMMG,1 40 1 10 302 052 2 021 0001,"ASSISTÊNCIA MÉDICA, ODONTOLÓGICA, PSICOLÓGICA E FISIOTERÁPICA AOS BOMBEIROS MILITARES E SEUS DEPENDENTES",3 1 91 13 21,OBRIGAÇÃO PATRONAL - PESSOAL ATIVO - ASSISTÊNCIA À SAÚDE,1709586,2121,IPSM
1441,DEF PUB,1 44 1 03 092 726 4 150 0001,OPERACIONALIZAÇÃO DAS ATRIBUIÇÕES DA DEFENSORIA PÚBLICA E DIREÇÃO ADMIINISTRATIVA,3 3 91 39 20,LOCAÇÃO DE BENS IMÓVEIS,1100000,4031,FEPJ
1441,DEF PUB,1 44 1 03 092 726 4 193 0001,REMUNERAÇAO DE PESSOAL ATIVO E ENCARGOS SOCIAIS,3 1 91 13 5,OBRIGAÇÃO PATRONAL - PESSOAL ATIVO - PREVIDÊNCIA,1016316,2011,IPSEMG
1441,DEF PUB,1 44 1 03 092 726 4 193 0001,REMUNERAÇAO DE PESSOAL ATIVO E ENCARGOS SOCIAIS,3 1 91 13 5,OBRIGAÇÃO PATRONAL - PESSOAL ATIVO - PREVIDÊNCIA,102689396,4711,FFP - MG
1451,SEJUSP,1 45 1 06 122 705 2 417 0001,REMUNERAÇÃO DE PESSOAL ATIVO E ENCARGOS SOCIAIS,3 1 91 4 4,OBRIGAÇÃO PATRONAL – CONTRATOS POR TEMPO DETERMINADO – ASSISTÊNCIA À SAÚDE,878727,2011,IPSEMG
1451,SEJUSP,1 45 1 06 122 705 2 417 0001,REMUNERAÇÃO DE PESSOAL ATIVO E ENCARGOS SOCIAIS,3 1 91 13 5,OBRIGAÇÃO PATRONAL - PESSOAL ATIVO - PREVIDÊNCIA,375724041,4711,FFP - MG
1451,SEJUSP,1 45 1 06 122 705 2 417 0001,REMUNERAÇÃO DE PESSOAL ATIVO E ENCARGOS SOCIAIS,3 1 91 13 21,OBRIGAÇÃO PATRONAL - PESSOAL ATIVO - ASSISTÊNCIA À SAÚDE,17644294,2011,IPSEMG
1451,SEJUSP,1 45 1 06 122 705 2 417 0001,REMUNERAÇÃO DE PESSOAL ATIVO E ENCARGOS SOCIAIS,3 1 91 13 26,OBRIGAÇÃO PATRONAL SUPLEMENTAR – PESSOAL ATIVO,321358728,4711,FFP - MG
1451,SEJUSP,1 45 1 10 243 146 4 443 0001,ATENDIMENTO À SAÚDE DO ADOLESCENTE EM CONFLITO COM A LEI,3 1 91 13 5,OBRIGAÇÃO PATRONAL - PESSOAL ATIVO - PREVIDÊNCIA,2561935,4711,FFP - MG
1451,SEJUSP,1 45 1 10 243 146 4 443 0001,ATENDIMENTO À SAÚDE DO ADOLESCENTE EM CONFLITO COM A LEI,3 1 91 13 21,OBRIGAÇÃO PATRONAL - PESSOAL ATIVO - ASSISTÊNCIA À SAÚDE,102631,2011,IPSEMG
1451,SEJUSP,1 45 1 10 243 146 4 443 0001,ATENDIMENTO À SAÚDE DO ADOLESCENTE EM CONFLITO COM A LEI,3 1 91 13 26,OBRIGAÇÃO PATRONAL SUPLEMENTAR – PESSOAL ATIVO,2168022,4711,FFP - MG
1451,SEJUSP,1 45 1 10 421 130 4 353 0001,UNIDADES DE SAÚDE DO SISTEMA PRISIONAL,3 1 91 4 4,OBRIGAÇÃO PATRONAL – CONTRATOS POR TEMPO DETERMINADO – ASSISTÊNCIA À SAÚDE,27582,2011,IPSEMG
1451,SEJUSP,1 45 1 10 421 130 4 353 0001,UNIDADES DE SAÚDE DO SISTEMA PRISIONAL,3 1 91 13 5,OBRIGAÇÃO PATRONAL - PESSOAL ATIVO - PREVIDÊNCIA,15996236,4711,FFP - MG
1451,SEJUSP,1 45 1 10 421 130 4 353 0001,UNIDADES DE SAÚDE DO SISTEMA PRISIONAL,3 1 91 13 21,OBRIGAÇÃO PATRONAL - PESSOAL ATIVO - ASSISTÊNCIA À SAÚDE,800801,2011,IPSEMG
1451,SEJUSP,1 45 1 10 421 130 4 353 0001,UNIDADES DE SAÚDE DO SISTEMA PRISIONAL,3 1 91 13 26,OBRIGAÇÃO PATRONAL SUPLEMENTAR – PESSOAL ATIVO,12898805,4711,FFP - MG
1481,SEDESE,1 48 1 04 122 083 2 035 0001,APOIO E COORDENAÇÃO DE POLÍTICAS INTERSETORIAIS DE DESENVOLVIMENTO SOCIAL NO CONTEXTO DO PROGRAMA PERCURSOS GERAIS: TRAJETÓRIA PARA AUTONOMIA,3 1 91 13 5,OBRIGAÇÃO PATRONAL - PESSOAL ATIVO - PREVIDÊNCIA,556,4711,FFP - MG
1481,SEDESE,1 48 1 04 122 083 2 035 0001,APOIO E COORDENAÇÃO DE POLÍTICAS INTERSETORIAIS DE DESENVOLVIMENTO SOCIAL NO CONTEXTO DO PROGRAMA PERCURSOS GERAIS: TRAJETÓRIA PARA AUTONOMIA,3 1 91 13 21,OBRIGAÇÃO PATRONAL - PESSOAL ATIVO - ASSISTÊNCIA À SAÚDE,23,2011,IPSEMG
1481,SEDESE,1 48 1 04 122 084 2 037 0001,FOMENTO A INOVAÇÃO E APRIMORAMENTO DE PROJETOS DE DESENVOLVIMENTO SOCIAL,3 1 91 13 5,OBRIGAÇÃO PATRONAL - PESSOAL ATIVO - PREVIDÊNCIA,886,4711,FFP - MG
1481,SEDESE,1 48 1 04 122 084 2 037 0001,FOMENTO A INOVAÇÃO E APRIMORAMENTO DE PROJETOS DE DESENVOLVIMENTO SOCIAL,3 1 91 13 21,OBRIGAÇÃO PATRONAL - PESSOAL ATIVO - ASSISTÊNCIA À SAÚDE,37,2011,IPSEMG
1481,SEDESE,1 48 1 11 334 066 4 153 0001,ASSESSORAMENTO DAS UNIDADES DE ATENDIMENTO AO TRABALHADOR,3 1 91 13 5,OBRIGAÇÃO PATRONAL - PESSOAL ATIVO - PREVIDÊNCIA,864681,4711,FFP - MG
1481,SEDESE,1 48 1 11 334 066 4 153 0001,ASSESSORAMENTO DAS UNIDADES DE ATENDIMENTO AO TRABALHADOR,3 1 91 13 21,OBRIGAÇÃO PATRONAL - PESSOAL ATIVO - ASSISTÊNCIA À SAÚDE,35708,2011,IPSEMG
1481,SEDESE,1 48 1 11 334 066 4 154 0001,FOMENTO PARA ECONOMIA POPULAR SOLIDÁRIA E PROMOÇÃO DA INCLUSÃO PRODUTIVA,3 1 91 13 5,OBRIGAÇÃO PATRONAL - PESSOAL ATIVO - PREVIDÊNCIA,150822,4711,FFP - MG
1481,SEDESE,1 48 1 11 334 066 4 154 0001,FOMENTO PARA ECONOMIA POPULAR SOLIDÁRIA E PROMOÇÃO DA INCLUSÃO PRODUTIVA,3 1 91 13 21,OBRIGAÇÃO PATRONAL - PESSOAL ATIVO - ASSISTÊNCIA À SAÚDE,6228,2011,IPSEMG
1481,SEDESE,1 48 1 11 363 067 4 158 0001,QUALIFICAÇÃO PROFISSIONAL,3 1 91 13 5,OBRIGAÇÃO PATRONAL - PESSOAL ATIVO - PREVIDÊNCIA,257643,4711,FFP - MG
1481,SEDESE,1 48 1 11 363 067 4 158 0001,QUALIFICAÇÃO PROFISSIONAL,3 1 91 13 21,OBRIGAÇÃO PATRONAL - PESSOAL ATIVO - ASSISTÊNCIA À SAÚDE,10640,2011,IPSEMG
1481,SEDESE,1 48 1 14 122 705 2 417 0001,REMUNERAÇÃO DE PESSOAL ATIVO E ENCARGOS SOCIAIS,3 1 91 13 5,OBRIGAÇÃO PATRONAL - PESSOAL ATIVO - PREVIDÊNCIA,9460598,4711,FFP - MG
1481,SEDESE,1 48 1 14 122 705 2 417 0001,REMUNERAÇÃO DE PESSOAL ATIVO E ENCARGOS SOCIAIS,3 1 91 13 21,OBRIGAÇÃO PATRONAL - PESSOAL ATIVO - ASSISTÊNCIA À SAÚDE,390690,2011,IPSEMG
1481,SEDESE,1 48 1 14 306 074 4 196 0001,"APOIO, FOMENTO E ARTICULAÇÃO DE AÇÕES, PROJETOS E PROGRAMAS RELATIVOS À TEMÁTICA DE SEGURANÇA ALIMENTAR E NUTRICIONAL SUSTENTÁVEL",3 1 91 13 5,OBRIGAÇÃO PATRONAL - PESSOAL ATIVO - PREVIDÊNCIA,114564,4711,FFP - MG
1481,SEDESE,1 48 1 14 306 074 4 196 0001,"APOIO, FOMENTO E ARTICULAÇÃO DE AÇÕES, PROJETOS E PROGRAMAS RELATIVOS À TEMÁTICA DE SEGURANÇA ALIMENTAR E NUTRICIONAL SUSTENTÁVEL",3 1 91 13 21,OBRIGAÇÃO PATRONAL - PESSOAL ATIVO - ASSISTÊNCIA À SAÚDE,4731,2011,IPSEMG
1481,SEDESE,1 48 1 14 306 074 4 197 0001,APOIO ÀS AÇÕES DESENVOLVIDAS PELO CONSELHO DE SEGURANÇA ALIMENTAR E NUTRICIONAL SUSTENTÁVEL DE MINAS GERAIS (CONSEA-MG),3 1 91 13 5,OBRIGAÇÃO PATRONAL - PESSOAL ATIVO - PREVIDÊNCIA,1621,4711,FFP - MG
1481,SEDESE,1 48 1 14 306 074 4 197 0001,APOIO ÀS AÇÕES DESENVOLVIDAS PELO CONSELHO DE SEGURANÇA ALIMENTAR E NUTRICIONAL SUSTENTÁVEL DE MINAS GERAIS (CONSEA-MG),3 1 91 13 21,OBRIGAÇÃO PATRONAL - PESSOAL ATIVO - ASSISTÊNCIA À SAÚDE,67,2011,IPSEMG
1481,SEDESE,1 48 1 14 422 070 4 178 0001,MANUTENÇÃO E APOIO AOS ÓRGÃOS COLEGIADOS DE DIREITOS HUMANOS,3 1 91 13 5,OBRIGAÇÃO PATRONAL - PESSOAL ATIVO - PREVIDÊNCIA,548808,4711,FFP - MG
1481,SEDESE,1 48 1 14 422 070 4 178 0001,MANUTENÇÃO E APOIO AOS ÓRGÃOS COLEGIADOS DE DIREITOS HUMANOS,3 1 91 13 21,OBRIGAÇÃO PATRONAL - PESSOAL ATIVO - ASSISTÊNCIA À SAÚDE,22664,2011,IPSEMG
1481,SEDESE,1 48 1 14 422 070 4 182 0001,"ARTICULAÇÃO INSTITUCIONAL, MANUTENÇÃO DE EQUIPAMENTOS E POLÍTICAS DE DIREITOS HUMANOS",3 1 91 13 5,OBRIGAÇÃO PATRONAL - PESSOAL ATIVO - PREVIDÊNCIA,795157,4711,FFP - MG
1481,SEDESE,1 48 1 14 422 070 4 182 0001,"ARTICULAÇÃO INSTITUCIONAL, MANUTENÇÃO DE EQUIPAMENTOS E POLÍTICAS DE DIREITOS HUMANOS",3 1 91 13 21,OBRIGAÇÃO PATRONAL - PESSOAL ATIVO - ASSISTÊNCIA À SAÚDE,32837,2011,IPSEMG
1481,SEDESE,1 48 1 14 422 086 4 414 0001,ENFRENTAMENTO À VIOLÊNCIA DOMÉSTICA E INTRAFAMILIAR CONTRA AS MULHERES,3 1 91 13 5,OBRIGAÇÃO PATRONAL - PESSOAL ATIVO - PREVIDÊNCIA,85425,4711,FFP - MG
1481,SEDESE,1 48 1 14 422 086 4 414 0001,ENFRENTAMENTO À VIOLÊNCIA DOMÉSTICA E INTRAFAMILIAR CONTRA AS MULHERES,3 1 91 13 21,OBRIGAÇÃO PATRONAL - PESSOAL ATIVO - ASSISTÊNCIA À SAÚDE,3528,2011,IPSEMG
1481,SEDESE,1 48 1 14 422 086 4 415 0001,"PROMOÇÃO, DEFESA E GARANTIA DOS DIREITOS DAS MULHERES",3 1 91 13 5,OBRIGAÇÃO PATRONAL - PESSOAL ATIVO - PREVIDÊNCIA,53969,4711,FFP - MG
1481,SEDESE,1 48 1 14 422 086 4 415 0001,"PROMOÇÃO, DEFESA E GARANTIA DOS DIREITOS DAS MULHERES",3 1 91 13 21,OBRIGAÇÃO PATRONAL - PESSOAL ATIVO - ASSISTÊNCIA À SAÚDE,2229,2011,IPSEMG
1491,SEGOV,1 49 1 04 122 705 2 417 0001,REMUNERAÇÃO DE PESSOAL ATIVO E ENCARGOS SOCIAIS,3 1 91 13 5,OBRIGAÇÃO PATRONAL - PESSOAL ATIVO - PREVIDÊNCIA,7313508,4711,FFP - MG
1491,SEGOV,1 49 1 04 122 705 2 417 0001,REMUNERAÇÃO DE PESSOAL ATIVO E ENCARGOS SOCIAIS,3 1 91 13 21,OBRIGAÇÃO PATRONAL - PESSOAL ATIVO - ASSISTÊNCIA À SAÚDE,221769,2011,IPSEMG
1501,SEPLAG,1 50 1 04 122 147 4 476 0001,SAÚDE DO SERVIDOR,3 3 91 39 96,TRANSFERÊNCIA ONEROSA DA POSSE DE BENS IMÓVEIS DE PROPRIEDADE DO ESTADO DE MINAS GERAIS,321633,4661,FAIMG
1501,SEPLAG,1 50 1 04 122 149 4 452 0001,GESTÃO DAS UNIDADES DE ATENDIMENTO INTEGRADO - UAI,3 3 91 39 20,LOCAÇÃO DE BENS IMÓVEIS,3532311,2011,IPSEMG
1501,SEPLAG,1 50 1 04 122 149 4 452 0001,GESTÃO DAS UNIDADES DE ATENDIMENTO INTEGRADO - UAI,3 3 91 39 96,TRANSFERÊNCIA ONEROSA DA POSSE DE BENS IMÓVEIS DE PROPRIEDADE DO ESTADO DE MINAS GERAIS,146562,4661,FAIMG
1501,SEPLAG,1 50 1 04 122 705 2 417 0001,REMUNERAÇÃO DE PESSOAL ATIVO E ENCARGOS SOCIAIS,3 1 91 4 4,OBRIGAÇÃO PATRONAL – CONTRATOS POR TEMPO DETERMINADO – ASSISTÊNCIA À SAÚDE,20430,2011,IPSEMG
1501,SEPLAG,1 50 1 04 122 705 2 417 0001,REMUNERAÇÃO DE PESSOAL ATIVO E ENCARGOS SOCIAIS,3 1 91 4 4,OBRIGAÇÃO PATRONAL – CONTRATOS POR TEMPO DETERMINADO – ASSISTÊNCIA À SAÚDE,1341575,4711,FFP - MG
1501,SEPLAG,1 50 1 04 122 705 2 417 0001,REMUNERAÇÃO DE PESSOAL ATIVO E ENCARGOS SOCIAIS,3 1 91 13 5,OBRIGAÇÃO PATRONAL - PESSOAL ATIVO - PREVIDÊNCIA,373399,2011,IPSEMG
1501,SEPLAG,1 50 1 04 122 705 2 417 0001,REMUNERAÇÃO DE PESSOAL ATIVO E ENCARGOS SOCIAIS,3 1 91 13 5,OBRIGAÇÃO PATRONAL - PESSOAL ATIVO - PREVIDÊNCIA,24519891,4711,FFP - MG
1501,SEPLAG,1 50 1 04 122 705 2 417 0001,REMUNERAÇÃO DE PESSOAL ATIVO E ENCARGOS SOCIAIS,3 1 91 13 21,OBRIGAÇÃO PATRONAL - PESSOAL ATIVO - ASSISTÊNCIA À SAÚDE,27034,2011,IPSEMG
1501,SEPLAG,1 50 1 04 122 705 2 417 0001,REMUNERAÇÃO DE PESSOAL ATIVO E ENCARGOS SOCIAIS,3 1 91 13 21,OBRIGAÇÃO PATRONAL - PESSOAL ATIVO - ASSISTÊNCIA À SAÚDE,1857582,4711,FFP - MG
1501,SEPLAG,1 50 1 04 122 705 2 417 0001,REMUNERAÇÃO DE PESSOAL ATIVO E ENCARGOS SOCIAIS,3 1 91 13 26,OBRIGAÇÃO PATRONAL SUPLEMENTAR – PESSOAL ATIVO,294395,2011,IPSEMG
1501,SEPLAG,1 50 1 04 122 705 2 417 0001,REMUNERAÇÃO DE PESSOAL ATIVO E ENCARGOS SOCIAIS,3 1 91 13 26,OBRIGAÇÃO PATRONAL SUPLEMENTAR – PESSOAL ATIVO,19331927,4711,FFP - MG
1501,SEPLAG,1 50 1 04 125 161 4 491 0001,APREENSÃO E LIBERAÇÃO DE VEÍCULOS,3 1 91 13 5,OBRIGAÇÃO PATRONAL - PESSOAL ATIVO - PREVIDÊNCIA,50786,2011,IPSEMG
1501,SEPLAG,1 50 1 04 125 161 4 491 0001,APREENSÃO E LIBERAÇÃO DE VEÍCULOS,3 1 91 13 5,OBRIGAÇÃO PATRONAL - PESSOAL ATIVO - PREVIDÊNCIA,3334945,4711,FFP - MG
1501,SEPLAG,1 50 1 04 125 161 4 491 0001,APREENSÃO E LIBERAÇÃO DE VEÍCULOS,3 1 91 13 21,OBRIGAÇÃO PATRONAL - PESSOAL ATIVO - ASSISTÊNCIA À SAÚDE,2595,2011,IPSEMG
1501,SEPLAG,1 50 1 04 125 161 4 491 0001,APREENSÃO E LIBERAÇÃO DE VEÍCULOS,3 1 91 13 21,OBRIGAÇÃO PATRONAL - PESSOAL ATIVO - ASSISTÊNCIA À SAÚDE,170372,4711,FFP - MG
1501,SEPLAG,1 50 1 04 125 161 4 491 0001,APREENSÃO E LIBERAÇÃO DE VEÍCULOS,3 1 91 13 26,OBRIGAÇÃO PATRONAL SUPLEMENTAR – PESSOAL ATIVO,36505,2011,IPSEMG
1501,SEPLAG,1 50 1 04 125 161 4 491 0001,APREENSÃO E LIBERAÇÃO DE VEÍCULOS,3 1 91 13 26,OBRIGAÇÃO PATRONAL SUPLEMENTAR – PESSOAL ATIVO,2397180,4711,FFP - MG
1511,PCMG,1 51 1 06 122 705 2 417 0001,REMUNERAÇÃO DE PESSOAL ATIVO E ENCARGOS SOCIAIS,3 1 91 13 4,INSS,39804,4711,FFP - MG
1511,PCMG,1 51 1 06 122 705 2 417 0001,REMUNERAÇÃO DE PESSOAL ATIVO E ENCARGOS SOCIAIS,3 1 91 13 5,OBRIGAÇÃO PATRONAL - PESSOAL ATIVO - PREVIDÊNCIA,462221255,4711,FFP - MG
1511,PCMG,1 51 1 06 122 705 2 417 0001,REMUNERAÇÃO DE PESSOAL ATIVO E ENCARGOS SOCIAIS,3 1 91 13 21,OBRIGAÇÃO PATRONAL - PESSOAL ATIVO - ASSISTÊNCIA À SAÚDE,10046817,2011,IPSEMG
1511,PCMG,1 51 1 06 122 705 2 417 0001,REMUNERAÇÃO DE PESSOAL ATIVO E ENCARGOS SOCIAIS,3 1 91 13 26,OBRIGAÇÃO PATRONAL SUPLEMENTAR – PESSOAL ATIVO,322877940,4711,FFP - MG
1511,PCMG,1 51 1 12 368 037 2 011 0001,COLÉGIO ORDEM E PROGRESSO,3 1 91 13 5,OBRIGAÇÃO PATRONAL - PESSOAL ATIVO - PREVIDÊNCIA,437754,4711,FFP - MG
1511,PCMG,1 51 1 12 368 037 2 011 0001,COLÉGIO ORDEM E PROGRESSO,3 1 91 13 21,OBRIGAÇÃO PATRONAL - PESSOAL ATIVO - ASSISTÊNCIA À SAÚDE,16358,2011,IPSEMG
1511,PCMG,1 51 1 12 368 037 2 011 0001,COLÉGIO ORDEM E PROGRESSO,3 1 91 13 26,OBRIGAÇÃO PATRONAL SUPLEMENTAR – PESSOAL ATIVO,341757,4711,FFP - MG
1521,CGE,1 52 1 04 122 705 2 417 0001,REMUNERAÇÃO DE PESSOAL ATIVO E ENCARGOS SOCIAIS,3 1 91 13 5,OBRIGAÇÃO PATRONAL - PESSOAL ATIVO - PREVIDÊNCIA,10153767,4711,FFP - MG
1521,CGE,1 52 1 04 122 705 2 417 0001,REMUNERAÇÃO DE PESSOAL ATIVO E ENCARGOS SOCIAIS,3 1 91 13 21,OBRIGAÇÃO PATRONAL - PESSOAL ATIVO - ASSISTÊNCIA À SAÚDE,137966,2011,IPSEMG
1521,CGE,1 52 1 04 122 705 2 417 0001,REMUNERAÇÃO DE PESSOAL ATIVO E ENCARGOS SOCIAIS,3 1 91 13 26,OBRIGAÇÃO PATRONAL SUPLEMENTAR – PESSOAL ATIVO,7659859,4711,FFP - MG
1541,ESP MG,1 54 1 10 122 705 2 417 0001,REMUNERAÇÃO DE PESSOAL ATIVO E ENCARGOS SOCIAIS,3 1 91 13 5,OBRIGAÇÃO PATRONAL - PESSOAL ATIVO - PREVIDÊNCIA,4456803,4711,FFP - MG
1541,ESP MG,1 54 1 10 122 705 2 417 0001,REMUNERAÇÃO DE PESSOAL ATIVO E ENCARGOS SOCIAIS,3 1 91 13 21,OBRIGAÇÃO PATRONAL - PESSOAL ATIVO - ASSISTÊNCIA À SAÚDE,35523,2011,IPSEMG
1631,SEC. GERAL,1 63 1 04 122 705 2 417 0001,REMUNERAÇÃO DE PESSOAL ATIVO E ENCARGOS SOCIAIS,3 1 91 13 5,OBRIGAÇÃO PATRONAL - PESSOAL ATIVO - PREVIDÊNCIA,300922,4711,FFP - MG
1631,SEC. GERAL,1 63 1 04 122 705 2 417 0001,REMUNERAÇÃO DE PESSOAL ATIVO E ENCARGOS SOCIAIS,3 1 91 13 21,OBRIGAÇÃO PATRONAL - PESSOAL ATIVO - ASSISTÊNCIA À SAÚDE,22802,2011,IPSEMG
1631,SEC. GERAL,1 63 1 04 122 705 2 417 0001,REMUNERAÇÃO DE PESSOAL ATIVO E ENCARGOS SOCIAIS,3 1 91 13 26,OBRIGAÇÃO PATRONAL SUPLEMENTAR – PESSOAL ATIVO,240000,4711,FFP - MG
1711,SECOM,1 71 1 04 122 705 2 417 0001,REMUNERAÇÃO DE PESSOAL ATIVO E ENCARGOS SOCIAIS,3 1 91 13 5,OBRIGAÇÃO PATRONAL - PESSOAL ATIVO - PREVIDÊNCIA,449456,4711,FFP - MG
1711,SECOM,1 71 1 04 122 705 2 417 0001,REMUNERAÇÃO DE PESSOAL ATIVO E ENCARGOS SOCIAIS,3 1 91 13 21,OBRIGAÇÃO PATRONAL - PESSOAL ATIVO - ASSISTÊNCIA À SAÚDE,50640,2011,IPSEMG
1711,SECOM,1 71 1 04 122 705 2 417 0001,REMUNERAÇÃO DE PESSOAL ATIVO E ENCARGOS SOCIAIS,3 1 91 13 26,OBRIGAÇÃO PATRONAL SUPLEMENTAR – PESSOAL ATIVO,366400,4711,FFP - MG
1721,SCC,1 72 1 04 122 705 2 417 0001,REMUNERAÇÃO DE PESSOAL ATIVO E ENCARGOS SOCIAIS,3 1 91 13 5,OBRIGAÇÃO PATRONAL - PESSOAL ATIVO - PREVIDÊNCIA,579266,4711,FFP - MG
1721,SCC,1 72 1 04 122 705 2 417 0001,REMUNERAÇÃO DE PESSOAL ATIVO E ENCARGOS SOCIAIS,3 1 91 13 21,OBRIGAÇÃO PATRONAL - PESSOAL ATIVO - ASSISTÊNCIA À SAÚDE,15692,2011,IPSEMG
1916,GDPE - SEF,1 91 6 28 846 705 7 003 0001,RESTITUIÇÃO AO TJMG DOS DEPÓSITOS JUDICIAIS,4 6 91 93 31,RESTITUIÇÃO DE RECURSOS DE DEPÓSITOS JUDICIAIS,83126506,4031,FEPJ
1916,GDPE - SEF,1 91 6 28 846 705 7 658 0001,ENCARGOS DEVIDOS POR FINANCIAMENTO JUNTO AOS INSTITUTOS DE PREVIDÊNCIA DOS SERVIDORES MILITARES DO ESTADO DE MINAS GERAIS - IPSM,3 2 91 21 3,JUROS DA DIVIDA COM OS INSTITUTOS DE PREVIDÊNCIA,57616260,2121,IPSM
1916,GDPE - SEF,1 91 6 28 846 705 7 658 0001,ENCARGOS DEVIDOS POR FINANCIAMENTO JUNTO AOS INSTITUTOS DE PREVIDÊNCIA DOS SERVIDORES MILITARES DO ESTADO DE MINAS GERAIS - IPSM,4 6 91 71 3,PRINCIPAL DA DIVIDA COM OS INSTITUTOS DE PREVIDÊNCIA,15243040,2121,IPSM
1941,EGE-SEPLAG,1 94 1 04 274 705 7 024 0001,PAGAMENTOS MENSAIS DE PROVENTOS AOS ASSISTIDOS E PENSIONISTAS DO PLANO DE PREVIDÊNCIA COMPLEMENTAR MINASCAIXA RP-2,3 1 91 13 24,OBRIGAÇÃO PATRONAL - PENSIONISTAS - ASSISTÊNCIA À SAÚDE,159550,2011,IPSEMG
1941,EGE-SEPLAG,1 94 1 04 274 705 7 441 0001,PENSÕES ESPECIAIS DE RESPONSABILIDADE DO PODER EXECUTIVO ESTADUAL,3 1 91 13 24,OBRIGAÇÃO PATRONAL - PENSIONISTAS - ASSISTÊNCIA À SAÚDE,1323588,2011,IPSEMG
2011,IPSEMG,2 01 1 10 122 705 2 417 0001,REMUNERAÇÃO DE PESSOAL ATIVO E ENCARGOS SOCIAIS,3 1 91 13 5,OBRIGAÇÃO PATRONAL - PESSOAL ATIVO - PREVIDÊNCIA,39932222,4711,FFP - MG
2011,IPSEMG,2 01 1 10 122 705 2 417 0001,REMUNERAÇÃO DE PESSOAL ATIVO E ENCARGOS SOCIAIS,3 1 91 13 21,OBRIGAÇÃO PATRONAL - PESSOAL ATIVO - ASSISTÊNCIA À SAÚDE,2681707,2011,IPSEMG
2011,IPSEMG,2 01 1 10 122 705 2 417 0001,REMUNERAÇÃO DE PESSOAL ATIVO E ENCARGOS SOCIAIS,3 1 91 13 26,OBRIGAÇÃO PATRONAL SUPLEMENTAR – PESSOAL ATIVO,33973518,4711,FFP - MG
2041,LEMG,2 04 1 23 122 705 2 417 0001,REMUNERAÇÃO DE PESSOAL ATIVO E ENCARGOS SOCIAIS,3 1 91 13 5,OBRIGAÇÃO PATRONAL - PESSOAL ATIVO - PREVIDÊNCIA,170000,4711,FFP - MG
2041,LEMG,2 04 1 23 122 705 2 417 0001,REMUNERAÇÃO DE PESSOAL ATIVO E ENCARGOS SOCIAIS,3 1 91 13 21,OBRIGAÇÃO PATRONAL - PESSOAL ATIVO - ASSISTÊNCIA À SAÚDE,14245,2011,IPSEMG
2041,LEMG,2 04 1 23 122 705 2 417 0001,REMUNERAÇÃO DE PESSOAL ATIVO E ENCARGOS SOCIAIS,3 1 91 13 26,OBRIGAÇÃO PATRONAL SUPLEMENTAR – PESSOAL ATIVO,150040,4711,FFP - MG
2061,FJP,2 06 1 12 122 705 2 417 0001,REMUNERAÇÃO DE PESSOAL ATIVO E ENCARGOS SOCIAIS,3 1 91 13 5,OBRIGAÇÃO PATRONAL - PESSOAL ATIVO - PREVIDÊNCIA,7480558,4711,FFP - MG
2061,FJP,2 06 1 12 122 705 2 417 0001,REMUNERAÇÃO DE PESSOAL ATIVO E ENCARGOS SOCIAIS,3 1 91 13 21,OBRIGAÇÃO PATRONAL - PESSOAL ATIVO - ASSISTÊNCIA À SAÚDE,151406,2011,IPSEMG
2061,FJP,2 06 1 12 122 705 2 417 0001,REMUNERAÇÃO DE PESSOAL ATIVO E ENCARGOS SOCIAIS,3 1 91 13 26,OBRIGAÇÃO PATRONAL SUPLEMENTAR – PESSOAL ATIVO,4634064,2011,IPSEMG
2061,FJP,2 06 1 12 364 091 4 243 0001,FORMAÇÃO DE PESSOAS NO NÍVEL DE GRADUAÇÃO,3 1 91 13 5,OBRIGAÇÃO PATRONAL - PESSOAL ATIVO - PREVIDÊNCIA,348493,4711,FFP - MG
2061,FJP,2 06 1 12 364 091 4 243 0001,FORMAÇÃO DE PESSOAS NO NÍVEL DE GRADUAÇÃO,3 1 91 13 21,OBRIGAÇÃO PATRONAL - PESSOAL ATIVO - ASSISTÊNCIA À SAÚDE,2752,2011,IPSEMG
2061,FJP,2 06 1 12 364 091 4 243 0001,FORMAÇÃO DE PESSOAS NO NÍVEL DE GRADUAÇÃO,3 1 91 13 26,OBRIGAÇÃO PATRONAL SUPLEMENTAR – PESSOAL ATIVO,186262,4711,FFP - MG
2061,FJP,2 06 1 12 364 091 4 245 0001,FORMAÇÃO DE PESSOAS NO NÍVEL DE PÓS-GRADUAÇÃO (STRICTO SENSU),3 1 91 13 5,OBRIGAÇÃO PATRONAL - PESSOAL ATIVO - PREVIDÊNCIA,424330,4711,FFP - MG
2061,FJP,2 06 1 12 364 091 4 245 0001,FORMAÇÃO DE PESSOAS NO NÍVEL DE PÓS-GRADUAÇÃO (STRICTO SENSU),3 1 91 13 21,OBRIGAÇÃO PATRONAL - PESSOAL ATIVO - ASSISTÊNCIA À SAÚDE,1789,2011,IPSEMG
2061,FJP,2 06 1 12 364 091 4 245 0001,FORMAÇÃO DE PESSOAS NO NÍVEL DE PÓS-GRADUAÇÃO (STRICTO SENSU),3 1 91 13 26,OBRIGAÇÃO PATRONAL SUPLEMENTAR – PESSOAL ATIVO,306252,4711,FFP - MG
2061,FJP,2 06 1 12 364 091 4 246 0001,PARTICIPAÇÃO EM EXTENSÃO ACADÊMICA,3 1 91 13 5,OBRIGAÇÃO PATRONAL - PESSOAL ATIVO - PREVIDÊNCIA,395220,4711,FFP - MG
2061,FJP,2 06 1 12 364 091 4 246 0001,PARTICIPAÇÃO EM EXTENSÃO ACADÊMICA,3 1 91 13 21,OBRIGAÇÃO PATRONAL - PESSOAL ATIVO - ASSISTÊNCIA À SAÚDE,9386,2011,IPSEMG
2061,FJP,2 06 1 12 364 091 4 246 0001,PARTICIPAÇÃO EM EXTENSÃO ACADÊMICA,3 1 91 13 26,OBRIGAÇÃO PATRONAL SUPLEMENTAR – PESSOAL ATIVO,294544,4711,FFP - MG
2071,FAPEMIG,2 07 1 19 571 705 2 417 0001,REMUNERAÇÃO DE PESSOAL ATIVO E ENCARGOS SOCIAIS,3 1 91 13 5,OBRIGAÇÃO PATRONAL - PESSOAL ATIVO - PREVIDÊNCIA,2362319,4711,FFP - MG
2071,FAPEMIG,2 07 1 19 571 705 2 417 0001,REMUNERAÇÃO DE PESSOAL ATIVO E ENCARGOS SOCIAIS,3 1 91 13 21,OBRIGAÇÃO PATRONAL - PESSOAL ATIVO - ASSISTÊNCIA À SAÚDE,44942,2011,IPSEMG
2091,FEAM,2 09 1 18 122 705 2 417 0001,REMUNERAÇÃO DE PESSOAL ATIVO E ENCARGOS SOCIAIS,3 1 91 13 5,OBRIGAÇÃO PATRONAL - PESSOAL ATIVO - PREVIDÊNCIA,4822848,4711,FFP - MG
2091,FEAM,2 09 1 18 122 705 2 417 0001,REMUNERAÇÃO DE PESSOAL ATIVO E ENCARGOS SOCIAIS,3 1 91 13 21,OBRIGAÇÃO PATRONAL - PESSOAL ATIVO - ASSISTÊNCIA À SAÚDE,125962,2011,IPSEMG
2091,FEAM,2 09 1 18 122 705 2 417 0001,REMUNERAÇÃO DE PESSOAL ATIVO E ENCARGOS SOCIAIS,3 1 91 13 26,OBRIGAÇÃO PATRONAL SUPLEMENTAR – PESSOAL ATIVO,4889778,4711,FFP - MG
2101,IEF,2 10 1 18 122 705 2 417 0001,REMUNERAÇÃO DE PESSOAL ATIVO E ENCARGOS SOCIAIS,3 1 91 13 5,OBRIGAÇÃO PATRONAL - PESSOAL ATIVO - PREVIDÊNCIA,34396073,4711,FFP - MG
2101,IEF,2 10 1 18 122 705 2 417 0001,REMUNERAÇÃO DE PESSOAL ATIVO E ENCARGOS SOCIAIS,3 1 91 13 21,OBRIGAÇÃO PATRONAL - PESSOAL ATIVO - ASSISTÊNCIA À SAÚDE,783808,2011,IPSEMG
2121,IPSM,2 12 1 09 122 705 2 417 0001,REMUNERAÇÃO DE PESSOAL ATIVO E ENCARGOS SOCIAIS,3 1 91 13 5,OBRIGAÇÃO PATRONAL - PESSOAL ATIVO - PREVIDÊNCIA,1102771,4711,FFP - MG
2121,IPSM,2 12 1 09 122 705 2 417 0001,REMUNERAÇÃO DE PESSOAL ATIVO E ENCARGOS SOCIAIS,3 1 91 13 21,OBRIGAÇÃO PATRONAL - PESSOAL ATIVO - ASSISTÊNCIA À SAÚDE,63579,2011,IPSEMG
2121,IPSM,2 12 1 09 122 705 2 417 0001,REMUNERAÇÃO DE PESSOAL ATIVO E ENCARGOS SOCIAIS,3 1 91 13 26,OBRIGAÇÃO PATRONAL SUPLEMENTAR – PESSOAL ATIVO,1063939,4711,FFP - MG
2121,IPSM,2 12 1 09 272 008 4 010 0001,AUXÍLIOS PREVIDENCIÁRIOS E ASSISTENCIAIS CONCEDIDOS AOS SEGURADOS E AOS SEUS DEPENDENTES,3 1 91 13 5,OBRIGAÇÃO PATRONAL - PESSOAL ATIVO - PREVIDÊNCIA,47859,4711,FFP - MG
2121,IPSM,2 12 1 09 272 008 4 010 0001,AUXÍLIOS PREVIDENCIÁRIOS E ASSISTENCIAIS CONCEDIDOS AOS SEGURADOS E AOS SEUS DEPENDENTES,3 1 91 13 21,OBRIGAÇÃO PATRONAL - PESSOAL ATIVO - ASSISTÊNCIA À SAÚDE,5967,2011,IPSEMG
2121,IPSM,2 12 1 09 272 008 4 010 0001,AUXÍLIOS PREVIDENCIÁRIOS E ASSISTENCIAIS CONCEDIDOS AOS SEGURADOS E AOS SEUS DEPENDENTES,3 1 91 13 26,OBRIGAÇÃO PATRONAL SUPLEMENTAR – PESSOAL ATIVO,45189,4711,FFP - MG
2121,IPSM,2 12 1 09 272 008 4 011 0001,AUXÍLIO RECLUSÃO CONCEDIDO AOS DEPENDENTES DO SEGURADO,3 1 91 13 5,OBRIGAÇÃO PATRONAL - PESSOAL ATIVO - PREVIDÊNCIA,48210,4711,FFP - MG
2121,IPSM,2 12 1 09 272 008 4 011 0001,AUXÍLIO RECLUSÃO CONCEDIDO AOS DEPENDENTES DO SEGURADO,3 1 91 13 21,OBRIGAÇÃO PATRONAL - PESSOAL ATIVO - ASSISTÊNCIA À SAÚDE,3686,2011,IPSEMG
2121,IPSM,2 12 1 09 272 008 4 011 0001,AUXÍLIO RECLUSÃO CONCEDIDO AOS DEPENDENTES DO SEGURADO,3 1 91 13 26,OBRIGAÇÃO PATRONAL SUPLEMENTAR – PESSOAL ATIVO,46447,4711,FFP - MG
2151,FHA,2 15 1 12 122 705 2 500 0001,ASSESSORAMENTO E GERENCIAMENTO DE POLÍTICAS PÚBLICAS,3 1 91 13 5,OBRIGAÇÃO PATRONAL - PESSOAL ATIVO - PREVIDÊNCIA,984001,4711,FFP - MG
2151,FHA,2 15 1 12 122 705 2 500 0001,ASSESSORAMENTO E GERENCIAMENTO DE POLÍTICAS PÚBLICAS,3 1 91 13 21,OBRIGAÇÃO PATRONAL - PESSOAL ATIVO - ASSISTÊNCIA À SAÚDE,104000,2011,IPSEMG
2151,FHA,2 15 1 12 244 051 4 093 0001,ATENDIMENTO NA CLÍNICA PSICOPEDAGÓGICA ÉDOUARD CLAPARÉDE,3 1 91 13 5,OBRIGAÇÃO PATRONAL - PESSOAL ATIVO - PREVIDÊNCIA,150000,4711,FFP - MG
2151,FHA,2 15 1 12 244 051 4 093 0001,ATENDIMENTO NA CLÍNICA PSICOPEDAGÓGICA ÉDOUARD CLAPARÉDE,3 1 91 13 21,OBRIGAÇÃO PATRONAL - PESSOAL ATIVO - ASSISTÊNCIA À SAÚDE,9000,2011,IPSEMG
2151,FHA,2 15 1 12 361 042 4 078 0001,ENSINO FUNDAMENTAL,3 1 91 13 5,OBRIGAÇÃO PATRONAL - PESSOAL ATIVO - PREVIDÊNCIA,943000,4711,FFP - MG
2151,FHA,2 15 1 12 361 042 4 078 0001,ENSINO FUNDAMENTAL,3 1 91 13 21,OBRIGAÇÃO PATRONAL - PESSOAL ATIVO - ASSISTÊNCIA À SAÚDE,111000,2011,IPSEMG
2151,FHA,2 15 1 12 362 042 4 080 0001,ENSINO MÉDIO REGULAR,3 1 91 13 5,OBRIGAÇÃO PATRONAL - PESSOAL ATIVO - PREVIDÊNCIA,649000,4711,FFP - MG
2151,FHA,2 15 1 12 362 042 4 080 0001,ENSINO MÉDIO REGULAR,3 1 91 13 21,OBRIGAÇÃO PATRONAL - PESSOAL ATIVO - ASSISTÊNCIA À SAÚDE,76000,2011,IPSEMG
2151,FHA,2 15 1 12 368 051 2 015 0001,CERTIFICAÇÕES PELO NÚCLEO DE FORMAÇÃO PRESENCIAL E À DISTÂNCIA,3 1 91 13 5,OBRIGAÇÃO PATRONAL - PESSOAL ATIVO - PREVIDÊNCIA,443651,4711,FFP - MG
2151,FHA,2 15 1 12 368 051 2 015 0001,CERTIFICAÇÕES PELO NÚCLEO DE FORMAÇÃO PRESENCIAL E À DISTÂNCIA,3 1 91 13 21,OBRIGAÇÃO PATRONAL - PESSOAL ATIVO - ASSISTÊNCIA À SAÚDE,24519,2011,IPSEMG
2151,FHA,2 15 1 12 368 076 4 198 0001,ATENDIMENTO NO ENSINO TECNICO PROFISSIONALIZANTE,3 1 91 13 5,OBRIGAÇÃO PATRONAL - PESSOAL ATIVO - PREVIDÊNCIA,248000,4711,FFP - MG
2151,FHA,2 15 1 12 368 076 4 198 0001,ATENDIMENTO NO ENSINO TECNICO PROFISSIONALIZANTE,3 1 91 13 21,OBRIGAÇÃO PATRONAL - PESSOAL ATIVO - ASSISTÊNCIA À SAÚDE,30000,2011,IPSEMG
2151,FHA,2 15 1 12 368 076 4 199 0001,ENSINO MÉDIO EM TEMPO INTEGRAL - EMTI,3 1 91 13 5,OBRIGAÇÃO PATRONAL - PESSOAL ATIVO - PREVIDÊNCIA,340000,4711,FFP - MG
2151,FHA,2 15 1 12 368 076 4 199 0001,ENSINO MÉDIO EM TEMPO INTEGRAL - EMTI,3 1 91 13 21,OBRIGAÇÃO PATRONAL - PESSOAL ATIVO - ASSISTÊNCIA À SAÚDE,41000,2011,IPSEMG
2151,FHA,2 15 1 12 368 089 4 233 0001,MUSEU HELENA ANTIPOFF,3 1 91 13 5,OBRIGAÇÃO PATRONAL - PESSOAL ATIVO - PREVIDÊNCIA,55000,4711,FFP - MG
2151,FHA,2 15 1 12 368 089 4 233 0001,MUSEU HELENA ANTIPOFF,3 1 91 13 21,OBRIGAÇÃO PATRONAL - PESSOAL ATIVO - ASSISTÊNCIA À SAÚDE,16000,2011,IPSEMG
2151,FHA,2 15 1 12 368 089 4 234 0001,FORMAÇÃO NA PERSPECTIVA ANTIPOFFIANA,3 1 91 13 5,OBRIGAÇÃO PATRONAL - PESSOAL ATIVO - PREVIDÊNCIA,7000,4711,FFP - MG
2151,FHA,2 15 1 12 368 089 4 234 0001,FORMAÇÃO NA PERSPECTIVA ANTIPOFFIANA,3 1 91 13 21,OBRIGAÇÃO PATRONAL - PESSOAL ATIVO - ASSISTÊNCIA À SAÚDE,930,2011,IPSEMG
2161,FUCAM,2 16 1 11 122 705 2 417 0001,REMUNERAÇÃO DE PESSOAL ATIVO E ENCARGOS SOCIAIS,3 1 91 13 5,OBRIGAÇÃO PATRONAL - PESSOAL ATIVO - PREVIDÊNCIA,567211,4711,FFP - MG
2161,FUCAM,2 16 1 11 122 705 2 417 0001,REMUNERAÇÃO DE PESSOAL ATIVO E ENCARGOS SOCIAIS,3 1 91 13 21,OBRIGAÇÃO PATRONAL - PESSOAL ATIVO - ASSISTÊNCIA À SAÚDE,17701,2011,IPSEMG
2161,FUCAM,2 16 1 12 363 104 4 283 0001,EDUCAÇÃO PARA A CIDADANIA E PARA O MUNDO DO TRABALHO EM TERRITÓRIOS DE ALTA VULNERABILIDADE SOCIAL,3 1 91 13 5,OBRIGAÇÃO PATRONAL - PESSOAL ATIVO - PREVIDÊNCIA,220583,4711,FFP - MG
2161,FUCAM,2 16 1 12 363 104 4 283 0001,EDUCAÇÃO PARA A CIDADANIA E PARA O MUNDO DO TRABALHO EM TERRITÓRIOS DE ALTA VULNERABILIDADE SOCIAL,3 1 91 13 21,OBRIGAÇÃO PATRONAL - PESSOAL ATIVO - ASSISTÊNCIA À SAÚDE,19959,2011,IPSEMG
2171,FAOP,2 17 1 13 122 705 2 417 0001,REMUNERAÇÃO DE PESSOAL ATIVO E ENCARGOS SOCIAIS,3 1 91 13 5,OBRIGAÇÃO PATRONAL - PESSOAL ATIVO - PREVIDÊNCIA,400159,4711,FFP - MG
2171,FAOP,2 17 1 13 122 705 2 417 0001,REMUNERAÇÃO DE PESSOAL ATIVO E ENCARGOS SOCIAIS,3 1 91 13 21,OBRIGAÇÃO PATRONAL - PESSOAL ATIVO - ASSISTÊNCIA À SAÚDE,15841,2011,IPSEMG
2181,FCS,2 18 1 12 363 105 4 425 0001,ATIVIDADES DE ENSINO E DE EXTENSÃO DO CENTRO DE FORMAÇÃO ARTÍSTICA E TECNOLÓGICA - CEFART,3 1 91 13 5,OBRIGAÇÃO PATRONAL - PESSOAL ATIVO - PREVIDÊNCIA,853467,4711,FFP - MG
2181,FCS,2 18 1 12 363 105 4 425 0001,ATIVIDADES DE ENSINO E DE EXTENSÃO DO CENTRO DE FORMAÇÃO ARTÍSTICA E TECNOLÓGICA - CEFART,3 1 91 13 21,OBRIGAÇÃO PATRONAL - PESSOAL ATIVO - ASSISTÊNCIA À SAÚDE,34738,2011,IPSEMG
2181,FCS,2 18 1 13 122 705 2 417 0001,REMUNERAÇÃO DE PESSOAL ATIVO E ENCARGOS SOCIAIS,3 1 91 13 5,OBRIGAÇÃO PATRONAL - PESSOAL ATIVO - PREVIDÊNCIA,3912404,4711,FFP - MG
2181,FCS,2 18 1 13 122 705 2 417 0001,REMUNERAÇÃO DE PESSOAL ATIVO E ENCARGOS SOCIAIS,3 1 91 13 21,OBRIGAÇÃO PATRONAL - PESSOAL ATIVO - ASSISTÊNCIA À SAÚDE,159246,2011,IPSEMG
2201,IEPHA,2 20 1 13 122 705 2 417 0001,REMUNERAÇÃO DE PESSOAL ATIVO E ENCARGOS SOCIAIS,3 1 91 13 5,OBRIGAÇÃO PATRONAL - PESSOAL ATIVO - PREVIDÊNCIA,1067022,4711,FFP - MG
2201,IEPHA,2 20 1 13 122 705 2 417 0001,REMUNERAÇÃO DE PESSOAL ATIVO E ENCARGOS SOCIAIS,3 1 91 13 21,OBRIGAÇÃO PATRONAL - PESSOAL ATIVO - ASSISTÊNCIA À SAÚDE,44775,2011,IPSEMG
2201,IEPHA,2 20 1 13 122 705 2 417 0001,REMUNERAÇÃO DE PESSOAL ATIVO E ENCARGOS SOCIAIS,3 1 91 13 26,OBRIGAÇÃO PATRONAL SUPLEMENTAR – PESSOAL ATIVO,864169,4711,FFP - MG
2211,TV MINAS,2 21 1 13 131 705 2 417 0001,REMUNERAÇÃO DE PESSOAL ATIVO E ENCARGOS SOCIAIS,3 1 91 13 5,OBRIGAÇÃO PATRONAL - PESSOAL ATIVO - PREVIDÊNCIA,1753426,4711,FFP - MG
2211,TV MINAS,2 21 1 13 131 705 2 417 0001,REMUNERAÇÃO DE PESSOAL ATIVO E ENCARGOS SOCIAIS,3 1 91 13 21,OBRIGAÇÃO PATRONAL - PESSOAL ATIVO - ASSISTÊNCIA À SAÚDE,60816,2011,IPSEMG
2241,IGAM,2 24 1 18 122 705 2 417 0001,REMUNERAÇÃO DE PESSOAL ATIVO E ENCARGOS SOCIAIS,3 1 91 4 4,OBRIGAÇÃO PATRONAL – CONTRATOS POR TEMPO DETERMINADO – ASSISTÊNCIA À SAÚDE,99,2011,IPSEMG
2241,IGAM,2 24 1 18 122 705 2 417 0001,REMUNERAÇÃO DE PESSOAL ATIVO E ENCARGOS SOCIAIS,3 1 91 4 4,OBRIGAÇÃO PATRONAL – CONTRATOS POR TEMPO DETERMINADO – ASSISTÊNCIA À SAÚDE,5507,4711,FFP - MG
2241,IGAM,2 24 1 18 122 705 2 417 0001,REMUNERAÇÃO DE PESSOAL ATIVO E ENCARGOS SOCIAIS,3 1 91 13 4,INSS,2314,2011,IPSEMG
2241,IGAM,2 24 1 18 122 705 2 417 0001,REMUNERAÇÃO DE PESSOAL ATIVO E ENCARGOS SOCIAIS,3 1 91 13 4,INSS,129146,4711,FFP - MG
2241,IGAM,2 24 1 18 122 705 2 417 0001,REMUNERAÇÃO DE PESSOAL ATIVO E ENCARGOS SOCIAIS,3 1 91 13 5,OBRIGAÇÃO PATRONAL - PESSOAL ATIVO - PREVIDÊNCIA,77214,2011,IPSEMG
2241,IGAM,2 24 1 18 122 705 2 417 0001,REMUNERAÇÃO DE PESSOAL ATIVO E ENCARGOS SOCIAIS,3 1 91 13 5,OBRIGAÇÃO PATRONAL - PESSOAL ATIVO - PREVIDÊNCIA,4308890,4711,FFP - MG
2241,IGAM,2 24 1 18 122 705 2 417 0001,REMUNERAÇÃO DE PESSOAL ATIVO E ENCARGOS SOCIAIS,3 1 91 13 21,OBRIGAÇÃO PATRONAL - PESSOAL ATIVO - ASSISTÊNCIA À SAÚDE,2342,2011,IPSEMG
2241,IGAM,2 24 1 18 122 705 2 417 0001,REMUNERAÇÃO DE PESSOAL ATIVO E ENCARGOS SOCIAIS,3 1 91 13 21,OBRIGAÇÃO PATRONAL - PESSOAL ATIVO - ASSISTÊNCIA À SAÚDE,130708,4711,FFP - MG
2241,IGAM,2 24 1 18 122 705 2 417 0001,REMUNERAÇÃO DE PESSOAL ATIVO E ENCARGOS SOCIAIS,3 1 91 13 26,OBRIGAÇÃO PATRONAL SUPLEMENTAR – PESSOAL ATIVO,61928,2011,IPSEMG
2241,IGAM,2 24 1 18 122 705 2 417 0001,REMUNERAÇÃO DE PESSOAL ATIVO E ENCARGOS SOCIAIS,3 1 91 13 26,OBRIGAÇÃO PATRONAL SUPLEMENTAR – PESSOAL ATIVO,3455892,4711,FFP - MG
2251,JUCEMG,2 25 1 23 122 705 2 417 0001,REMUNERAÇÃO DE PESSOAL ATIVO E ENCARGOS SOCIAIS,3 1 91 13 5,OBRIGAÇÃO PATRONAL - PESSOAL ATIVO - PREVIDÊNCIA,3491910,4711,FFP - MG
2251,JUCEMG,2 25 1 23 122 705 2 417 0001,REMUNERAÇÃO DE PESSOAL ATIVO E ENCARGOS SOCIAIS,3 1 91 13 21,OBRIGAÇÃO PATRONAL - PESSOAL ATIVO - ASSISTÊNCIA À SAÚDE,99649,2011,IPSEMG
2261,FUNED,2 26 1 10 303 705 2 417 0001,REMUNERAÇÃO DE PESSOAL ATIVO E ENCARGOS SOCIAIS,3 1 91 13 5,OBRIGAÇÃO PATRONAL - PESSOAL ATIVO - PREVIDÊNCIA,22058425,4711,FFP - MG
2261,FUNED,2 26 1 10 303 705 2 417 0001,REMUNERAÇÃO DE PESSOAL ATIVO E ENCARGOS SOCIAIS,3 1 91 13 21,OBRIGAÇÃO PATRONAL - PESSOAL ATIVO - ASSISTÊNCIA À SAÚDE,544278,2011,IPSEMG
2271,FHEMIG,2 27 1 10 122 705 2 417 0001,REMUNERAÇÃO DE PESSOAL ATIVO E ENCARGOS SOCIAIS,3 1 91 13 5,OBRIGAÇÃO PATRONAL - PESSOAL ATIVO - PREVIDÊNCIA,285728273,4711,FFP - MG
2271,FHEMIG,2 27 1 10 122 705 2 417 0001,REMUNERAÇÃO DE PESSOAL ATIVO E ENCARGOS SOCIAIS,3 1 91 13 21,OBRIGAÇÃO PATRONAL - PESSOAL ATIVO - ASSISTÊNCIA À SAÚDE,8152123,2011,IPSEMG
2281,UTRAMIG,2 28 1 12 363 705 2 417 0001,REMUNERAÇÃO DE PESSOAL ATIVO E ENCARGOS SOCIAIS,3 1 91 13 5,OBRIGAÇÃO PATRONAL - PESSOAL ATIVO - PREVIDÊNCIA,278181,4711,FFP - MG
2281,UTRAMIG,2 28 1 12 363 705 2 417 0001,REMUNERAÇÃO DE PESSOAL ATIVO E ENCARGOS SOCIAIS,3 1 91 13 21,OBRIGAÇÃO PATRONAL - PESSOAL ATIVO - ASSISTÊNCIA À SAÚDE,18566,2011,IPSEMG
2301,DER-MG,2 30 1 26 782 705 2 417 0001,REMUNERAÇÃO DE PESSOAL ATIVO E ENCARGOS SOCIAIS,3 1 91 13 5,OBRIGAÇÃO PATRONAL - PESSOAL ATIVO - PREVIDÊNCIA,15667695,4711,FFP - MG
2301,DER-MG,2 30 1 26 782 705 2 417 0001,REMUNERAÇÃO DE PESSOAL ATIVO E ENCARGOS SOCIAIS,3 1 91 13 21,OBRIGAÇÃO PATRONAL - PESSOAL ATIVO - ASSISTÊNCIA À SAÚDE,1044,2011,IPSEMG
2301,DER-MG,2 30 1 26 782 705 2 417 0001,REMUNERAÇÃO DE PESSOAL ATIVO E ENCARGOS SOCIAIS,3 1 91 13 22,OBRIGAÇÃO PATRONAL - PESSOAL INATIVO - ASSISTÊNCIA À SAÚDE,1005197,2011,IPSEMG
2301,DER-MG,2 30 1 26 782 705 2 417 0001,REMUNERAÇÃO DE PESSOAL ATIVO E ENCARGOS SOCIAIS,3 1 91 13 24,OBRIGAÇÃO PATRONAL - PENSIONISTAS - ASSISTÊNCIA À SAÚDE,39750,2011,IPSEMG
2301,DER-MG,2 30 1 26 782 705 2 417 0001,REMUNERAÇÃO DE PESSOAL ATIVO E ENCARGOS SOCIAIS,3 1 91 13 26,OBRIGAÇÃO PATRONAL SUPLEMENTAR – PESSOAL ATIVO,13319891,4711,FFP - MG
2301,DER-MG,2 30 1 28 846 705 7 004 0001,PRECATÓRIOS E SENTENÇAS JUDICIÁRIAS,3 1 91 13 9,OBRIGAÇÃO PATRONAL - PRECATÓRIOS - PREVIDÊNCIA,125835,4711,FFP - MG
2311,UNIMONTES,2 31 1 12 122 705 2 417 0001,REMUNERAÇÃO DE PESSOAL ATIVO E ENCARGOS SOCIAIS,3 1 91 4 4,OBRIGAÇÃO PATRONAL – CONTRATOS POR TEMPO DETERMINADO – ASSISTÊNCIA À SAÚDE,10231,4711,FFP - MG
2311,UNIMONTES,2 31 1 12 122 705 2 417 0001,REMUNERAÇÃO DE PESSOAL ATIVO E ENCARGOS SOCIAIS,3 1 91 13 5,OBRIGAÇÃO PATRONAL - PESSOAL ATIVO - PREVIDÊNCIA,41462266,4711,FFP - MG
2311,UNIMONTES,2 31 1 12 122 705 2 417 0001,REMUNERAÇÃO DE PESSOAL ATIVO E ENCARGOS SOCIAIS,3 1 91 13 21,OBRIGAÇÃO PATRONAL - PESSOAL ATIVO - ASSISTÊNCIA À SAÚDE,2306836,2011,IPSEMG
2311,UNIMONTES,2 31 1 12 122 705 2 417 0001,REMUNERAÇÃO DE PESSOAL ATIVO E ENCARGOS SOCIAIS,3 1 91 13 26,OBRIGAÇÃO PATRONAL SUPLEMENTAR – PESSOAL ATIVO,32811701,4711,FFP - MG
2321,HEMOMINAS,2 32 1 10 122 705 2 417 0001,REMUNERAÇÃO DE PESSOAL ATIVO E ENCARGOS SOCIAIS,3 1 91 4 4,OBRIGAÇÃO PATRONAL – CONTRATOS POR TEMPO DETERMINADO – ASSISTÊNCIA À SAÚDE,113123,2011,IPSEMG
2321,HEMOMINAS,2 32 1 10 122 705 2 417 0001,REMUNERAÇÃO DE PESSOAL ATIVO E ENCARGOS SOCIAIS,3 1 91 13 5,OBRIGAÇÃO PATRONAL - PESSOAL ATIVO - PREVIDÊNCIA,20175249,4711,FFP - MG
2321,HEMOMINAS,2 32 1 10 122 705 2 417 0001,REMUNERAÇÃO DE PESSOAL ATIVO E ENCARGOS SOCIAIS,3 1 91 13 21,OBRIGAÇÃO PATRONAL - PESSOAL ATIVO - ASSISTÊNCIA À SAÚDE,791205,2011,IPSEMG
2321,HEMOMINAS,2 32 1 10 122 705 2 417 0001,REMUNERAÇÃO DE PESSOAL ATIVO E ENCARGOS SOCIAIS,3 1 91 13 26,OBRIGAÇÃO PATRONAL SUPLEMENTAR – PESSOAL ATIVO,16775757,4711,FFP - MG
2331,IPEMMG,2 33 1 23 122 705 2 417 0001,REMUNERAÇÃO DE PESSOAL ATIVO E ENCARGOS SOCIAIS,3 1 91 13 5,OBRIGAÇÃO PATRONAL - PESSOAL ATIVO - PREVIDÊNCIA,1786171,4711,FFP - MG
2331,IPEMMG,2 33 1 23 122 705 2 417 0001,REMUNERAÇÃO DE PESSOAL ATIVO E ENCARGOS SOCIAIS,3 1 91 13 21,OBRIGAÇÃO PATRONAL - PESSOAL ATIVO - ASSISTÊNCIA À SAÚDE,143345,2011,IPSEMG
2331,IPEMMG,2 33 1 23 122 705 2 417 0001,REMUNERAÇÃO DE PESSOAL ATIVO E ENCARGOS SOCIAIS,3 1 91 13 26,OBRIGAÇÃO PATRONAL SUPLEMENTAR – PESSOAL ATIVO,1659552,4711,FFP - MG
2331,IPEMMG,2 33 1 23 122 705 2 500 0001,ASSESSORAMENTO E GERENCIAMENTO DE POLÍTICAS PÚBLICAS,3 3 91 40 2,SERVIÇOS DE TECNOLOGIA DA INFORMAÇÃO,18000,2251,JUCEMG
2351,UEMG,2 35 1 12 122 705 2 417 0001,REMUNERAÇÃO DE PESSOAL ATIVO E ENCARGOS SOCIAIS,3 1 91 13 5,OBRIGAÇÃO PATRONAL - PESSOAL ATIVO - PREVIDÊNCIA,27776257,4711,FFP - MG
2351,UEMG,2 35 1 12 122 705 2 417 0001,REMUNERAÇÃO DE PESSOAL ATIVO E ENCARGOS SOCIAIS,3 1 91 13 21,OBRIGAÇÃO PATRONAL - PESSOAL ATIVO - ASSISTÊNCIA À SAÚDE,800000,2011,IPSEMG
2351,UEMG,2 35 1 12 122 705 2 417 0001,REMUNERAÇÃO DE PESSOAL ATIVO E ENCARGOS SOCIAIS,3 1 91 13 22,OBRIGAÇÃO PATRONAL - PESSOAL INATIVO - ASSISTÊNCIA À SAÚDE,400000,2011,IPSEMG
2351,UEMG,2 35 1 12 122 705 2 417 0001,REMUNERAÇÃO DE PESSOAL ATIVO E ENCARGOS SOCIAIS,3 1 91 13 26,OBRIGAÇÃO PATRONAL SUPLEMENTAR – PESSOAL ATIVO,23900252,4711,FFP - MG
2351,UEMG,2 35 1 28 846 705 7 004 0001,PRECATÓRIOS E SENTENÇAS JUDICIÁRIAS,3 1 91 13 9,OBRIGAÇÃO PATRONAL - PRECATÓRIOS - PREVIDÊNCIA,500000,2011,IPSEMG
2371,IMA,2 37 1 20 122 705 2 417 0001,REMUNERAÇÃO DE PESSOAL ATIVO E ENCARGOS SOCIAIS,3 1 91 13 5,OBRIGAÇÃO PATRONAL - PESSOAL ATIVO - PREVIDÊNCIA,61487978,4711,FFP - MG
2371,IMA,2 37 1 20 122 705 2 417 0001,REMUNERAÇÃO DE PESSOAL ATIVO E ENCARGOS SOCIAIS,3 1 91 13 21,OBRIGAÇÃO PATRONAL - PESSOAL ATIVO - ASSISTÊNCIA À SAÚDE,1561620,2011,IPSEMG
2421,IDENE,2 42 1 17 511 056 1 028 0001,PROMOÇÃO DE INFRAESTRUTURA HÍDRICA DE PEQUENO PORTE NO NORTE E NORDESTE DE MINAS GERAIS,3 1 91 13 5,OBRIGAÇÃO PATRONAL - PESSOAL ATIVO - PREVIDÊNCIA,60189,4711,FFP - MG
2421,IDENE,2 42 1 17 511 056 1 028 0001,PROMOÇÃO DE INFRAESTRUTURA HÍDRICA DE PEQUENO PORTE NO NORTE E NORDESTE DE MINAS GERAIS,3 1 91 13 21,OBRIGAÇÃO PATRONAL - PESSOAL ATIVO - ASSISTÊNCIA À SAÚDE,2508,2011,IPSEMG
2421,IDENE,2 42 1 20 122 705 2 500 0001,ASSESSORAMENTO E GERENCIAMENTO DE POLÍTICAS PÚBLICAS,3 1 91 13 5,OBRIGAÇÃO PATRONAL - PESSOAL ATIVO - PREVIDÊNCIA,1458241,4711,FFP - MG
2421,IDENE,2 42 1 20 122 705 2 500 0001,ASSESSORAMENTO E GERENCIAMENTO DE POLÍTICAS PÚBLICAS,3 1 91 13 21,OBRIGAÇÃO PATRONAL - PESSOAL ATIVO - ASSISTÊNCIA À SAÚDE,53533,2011,IPSEMG
2421,IDENE,2 42 1 20 608 124 4 325 0001,PROMOÇÃO DO DESENVOLVIMENTO SOCIOECONÔMICO DO NORTE E NORDESTE DE MINAS GERAIS,3 1 91 13 5,OBRIGAÇÃO PATRONAL - PESSOAL ATIVO - PREVIDÊNCIA,6927,4711,FFP - MG
2421,IDENE,2 42 1 20 608 124 4 325 0001,PROMOÇÃO DO DESENVOLVIMENTO SOCIOECONÔMICO DO NORTE E NORDESTE DE MINAS GERAIS,3 1 91 13 21,OBRIGAÇÃO PATRONAL - PESSOAL ATIVO - ASSISTÊNCIA À SAÚDE,290,2011,IPSEMG
2421,IDENE,2 42 1 20 608 124 4 516 0001,APOIO À MECANIZAÇÃO DA PRODUÇÃO AGRÍCOLA,3 1 91 13 5,OBRIGAÇÃO PATRONAL - PESSOAL ATIVO - PREVIDÊNCIA,20934,4711,FFP - MG
2421,IDENE,2 42 1 20 608 124 4 516 0001,APOIO À MECANIZAÇÃO DA PRODUÇÃO AGRÍCOLA,3 1 91 13 21,OBRIGAÇÃO PATRONAL - PESSOAL ATIVO - ASSISTÊNCIA À SAÚDE,873,2011,IPSEMG
2431,AGÊNCIA RMBH,2 43 1 15 122 705 2 417 0001,REMUNERAÇÃO DE PESSOAL ATIVO E ENCARGOS SOCIAIS,3 1 91 13 5,OBRIGAÇÃO PATRONAL - PESSOAL ATIVO - PREVIDÊNCIA,327985,4711,FFP - MG
2431,AGÊNCIA RMBH,2 43 1 15 122 705 2 417 0001,REMUNERAÇÃO DE PESSOAL ATIVO E ENCARGOS SOCIAIS,3 1 91 13 21,OBRIGAÇÃO PATRONAL - PESSOAL ATIVO - ASSISTÊNCIA À SAÚDE,10729,2011,IPSEMG
2431,AGÊNCIA RMBH,2 43 1 15 122 705 2 417 0001,REMUNERAÇÃO DE PESSOAL ATIVO E ENCARGOS SOCIAIS,3 1 91 13 26,OBRIGAÇÃO PATRONAL SUPLEMENTAR – PESSOAL ATIVO,300793,4711,FFP - MG
2441,ARSAE -MG,2 44 1 17 122 705 2 417 0001,REMUNERAÇÃO DE PESSOAL ATIVO E ENCARGOS SOCIAIS,3 1 91 13 5,OBRIGAÇÃO PATRONAL - PESSOAL ATIVO - PREVIDÊNCIA,1786126,4711,FFP - MG
2441,ARSAE -MG,2 44 1 17 122 705 2 417 0001,REMUNERAÇÃO DE PESSOAL ATIVO E ENCARGOS SOCIAIS,3 1 91 13 21,OBRIGAÇÃO PATRONAL - PESSOAL ATIVO - ASSISTÊNCIA À SAÚDE,39011,2011,IPSEMG
2441,ARSAE -MG,2 44 1 17 122 705 2 417 0001,REMUNERAÇÃO DE PESSOAL ATIVO E ENCARGOS SOCIAIS,3 1 91 13 26,OBRIGAÇÃO PATRONAL SUPLEMENTAR – PESSOAL ATIVO,1461376,4711,FFP - MG
2461,ARMVA,2 46 1 15 122 705 2 417 0001,REMUNERAÇÃO DE PESSOAL ATIVO E ENCARGOS SOCIAIS,3 1 91 13 5,OBRIGAÇÃO PATRONAL - PESSOAL ATIVO - PREVIDÊNCIA,128541,4711,FFP - MG
2461,ARMVA,2 46 1 15 122 705 2 417 0001,REMUNERAÇÃO DE PESSOAL ATIVO E ENCARGOS SOCIAIS,3 1 91 13 21,OBRIGAÇÃO PATRONAL - PESSOAL ATIVO - ASSISTÊNCIA À SAÚDE,3117,2011,IPSEMG
2461,ARMVA,2 46 1 15 122 705 2 417 0001,REMUNERAÇÃO DE PESSOAL ATIVO E ENCARGOS SOCIAIS,3 1 91 13 26,OBRIGAÇÃO PATRONAL SUPLEMENTAR – PESSOAL ATIVO,107323,4711,FFP - MG
4291,FES,4 29 1 10 122 166 2 112 0001,DESENVOLVIMENTO DAS AÇÕES DE SAÚDE NO ÂMBITO DA SECRETARIA DE ESTADO DE JUSTIÇA E SEGURANÇA PÚBLICA - SEJUSP,3 3 91 41 4,CONTRIBUIÇÕES DO FUNDO ESTADUAL DE SAUDE - FES - LC 141/2012,192680044,1451,SEJUSP
4291,FES,4 29 1 10 122 705 2 417 0001,REMUNERAÇÃO DE PESSOAL ATIVO E ENCARGOS SOCIAIS,3 1 91 13 5,OBRIGAÇÃO PATRONAL - PESSOAL ATIVO - PREVIDÊNCIA,96152927,4711,FFP - MG
4291,FES,4 29 1 10 122 705 2 417 0001,REMUNERAÇÃO DE PESSOAL ATIVO E ENCARGOS SOCIAIS,3 1 91 13 21,OBRIGAÇÃO PATRONAL - PESSOAL ATIVO - ASSISTÊNCIA À SAÚDE,2959938,2011,IPSEMG
4291,FES,4 29 1 10 128 166 2 110 0001,DESENVOLVIMENTO DAS AÇÕES DE SAÚDE NO ÂMBITO DA ESCOLA DE SAÚDE PÚBLICA DO ESTADO DE MINAS GERAIS- ESP,3 3 91 41 4,CONTRIBUIÇÕES DO FUNDO ESTADUAL DE SAUDE - FES - LC 141/2012,24910765,1541,ESP MG
4291,FES,4 29 1 10 128 166 2 137 0001,DESENVOLVIMENTO DAS AÇÕES DE SAÚDE NO ÂMBITO DA ADMINISTRAÇÃO PÚBLICA ESTADUAL,3 3 91 41 4,CONTRIBUIÇÕES DO FUNDO ESTADUAL DE SAUDE - FES - LC 141/2012,2000,4631,FPP - MG
4291,FES,4 29 1 10 302 062 4 136 0001,SERVIÇOS MÓVEIS DE URGÊNCIA E EMERGÊNCIA,3 3 91 39 29,"SERVIÇOS MÉDICOS, ODONTOLÓGICOS E LABORATORIAIS",6139589,2321,HEMOMINAS
4291,FES,4 29 1 10 302 062 4 137 0001,"PROGRAMAÇÃO, CONTRATAÇÃO E PROCESSAMENTO DE SERVIÇOS DE SAÚDE",3 3 91 39 28,SERVIÇOS DE SAÚDE EXECUTADOS COM RECURSOS DO SUS,1371012,2261,FUNED
4291,FES,4 29 1 10 302 062 4 137 0001,"PROGRAMAÇÃO, CONTRATAÇÃO E PROCESSAMENTO DE SERVIÇOS DE SAÚDE",3 3 91 39 29,"SERVIÇOS MÉDICOS, ODONTOLÓGICOS E LABORATORIAIS",54375309,2321,HEMOMINAS
4291,FES,4 29 1 10 302 166 2 111 0001,DESENVOLVIMENTO DAS AÇÕES DE SAÚDE NO ÂMBITO DA FUNDAÇÃO HOSPITALAR DO ESTADO DE MINAS GERAIS- FHEMIG,3 3 91 41 4,CONTRIBUIÇÕES DO FUNDO ESTADUAL DE SAUDE - FES - LC 141/2012,2147817226,2271,FHEMIG
4291,FES,4 29 1 10 302 166 2 115 0001,DESENVOLVIMENTO DAS AÇÕES DE SAÚDE NO ÂMBITO DO CORPO DE BOMBEIROS MILITAR DO ESTADO DE MINAS GERAIS,3 3 91 41 4,CONTRIBUIÇÕES DO FUNDO ESTADUAL DE SAUDE - FES - LC 141/2012,633000,1401,CBMMG
4291,FES,4 29 1 10 302 166 2 135 0001,DESENVOLVIMENTO DAS AÇÕES DE SAÚDE NO ÂMBITO DA FUNDAÇÃO CENTRO DE HEMATOLOGIA E HEMOTERAPIA DE MINAS GERAIS- HEMOMINAS,3 3 91 41 4,CONTRIBUIÇÕES DO FUNDO ESTADUAL DE SAUDE - FES - LC 141/2012,392902891,2321,HEMOMINAS
4291,FES,4 29 1 10 303 166 2 136 0001,DESENVOLVIMENTO DAS AÇÕES DE SAÚDE NO ÂMBITO DA FUNDAÇÃO EZEQUIEL DIAS- FUNED,3 3 91 41 4,CONTRIBUIÇÕES DO FUNDO ESTADUAL DE SAUDE - FES - LC 141/2012,610830540,2261,FUNED
4441,FUNEMP,4 44 1 03 122 737 1 009 0001,REAPARELHAMENTO E APERFEIÇOAMENTO INSTITUICIONAL,4 4 91 41 7,TRANSFERÊNCIAS ENTRE FUNDOS ESTADUAIS,8000000,4451,FEPDC
4451,FEPDC,4 45 1 03 061 738 4 256 0001,APOIO ÀS AÇÕES DE PROTEÇÃO E DEFESA AO CONSUMIDOR,3 3 91 41 7,TRANSFERÊNCIAS ENTRE FUNDOS ESTADUAIS,50000,4441,FUNEMP
4711,FFP - MG,4 71 1 09 272 705 7 008 0001,BENEFÍCIO PREVIDENCIÁRIO DE PENSÃO,3 1 91 13 24,OBRIGAÇÃO PATRONAL - PENSIONISTAS - ASSISTÊNCIA À SAÚDE,22685670,2011,IPSEMG
4711,FFP - MG,4 71 1 09 272 705 7 012 0001,BENEFÍCIOS PREVIDENCIÁRIOS - ESP-MG,3 1 91 13 22,OBRIGAÇÃO PATRONAL - PESSOAL INATIVO - ASSISTÊNCIA À SAÚDE,8310,2011,IPSEMG
4711,FFP - MG,4 71 1 09 272 705 7 014 0001,BENEFÍCIOS PREVIDENCIÁRIOS - SEJUSP,3 1 91 13 22,OBRIGAÇÃO PATRONAL - PESSOAL INATIVO - ASSISTÊNCIA À SAÚDE,932068,2011,IPSEMG
4711,FFP - MG,4 71 1 09 272 705 7 017 0001,BENEFÍCIOS PREVIDENCIÁRIOS - GABINETE MILITAR,3 1 91 13 22,OBRIGAÇÃO PATRONAL - PESSOAL INATIVO - ASSISTÊNCIA À SAÚDE,29378,2011,IPSEMG
4711,FFP - MG,4 71 1 09 272 705 7 018 0001,BENEFÍCIOS PREVIDENCIÁRIOS - AGE,3 1 91 13 22,OBRIGAÇÃO PATRONAL - PESSOAL INATIVO - ASSISTÊNCIA À SAÚDE,122882,2011,IPSEMG
4711,FFP - MG,4 71 1 09 272 705 7 022 0001,BENEFÍCIOS PREVIDENCIÁRIOS - FAPEMIG,3 1 91 13 22,OBRIGAÇÃO PATRONAL - PESSOAL INATIVO - ASSISTÊNCIA À SAÚDE,12339,2011,IPSEMG
4711,FFP - MG,4 71 1 09 272 705 7 023 0001,PROVENTOS DE APOSENTADORIA E PENSÃO DE EXTINTOS CONVÊNIOS,3 1 91 13 24,OBRIGAÇÃO PATRONAL - PENSIONISTAS - ASSISTÊNCIA À SAÚDE,1074955,2011,IPSEMG
4711,FFP - MG,4 71 1 09 272 705 7 037 0001,BENEFÍCIOS PREVIDENCIÁRIOS - SEF,3 1 91 13 22,OBRIGAÇÃO PATRONAL - PESSOAL INATIVO - ASSISTÊNCIA À SAÚDE,3176378,2011,IPSEMG
4711,FFP - MG,4 71 1 09 272 705 7 044 0001,BENEFÍCIOS PREVIDENCIÁRIOS - CGE,3 1 91 13 22,OBRIGAÇÃO PATRONAL - PESSOAL INATIVO - ASSISTÊNCIA À SAÚDE,22602,2011,IPSEMG
4711,FFP - MG,4 71 1 09 272 705 7 046 0001,BENEFÍCIOS PREVIDENCIÁRIOS - UNIMONTES,3 1 91 13 22,OBRIGAÇÃO PATRONAL - PESSOAL INATIVO - ASSISTÊNCIA À SAÚDE,351394,2011,IPSEMG
4711,FFP - MG,4 71 1 09 272 705 7 047 0001,BENEFÍCIOS PREVIDENCIÁRIOS - IPEM/MG,3 1 91 13 22,OBRIGAÇÃO PATRONAL - PESSOAL INATIVO - ASSISTÊNCIA À SAÚDE,146491,2011,IPSEMG
4711,FFP - MG,4 71 1 09 272 705 7 048 0001,BENEFÍCIOS PREVIDENCIÁRIOS - PCMG,3 1 91 13 22,OBRIGAÇÃO PATRONAL - PESSOAL INATIVO - ASSISTÊNCIA À SAÚDE,11687871,2011,IPSEMG
4711,FFP - MG,4 71 1 09 272 705 7 049 0001,BENEFÍCIOS PREVIDENCIÁRIOS - SEPLAG,3 1 91 13 22,OBRIGAÇÃO PATRONAL - PESSOAL INATIVO - ASSISTÊNCIA À SAÚDE,1406409,2011,IPSEMG
4711,FFP - MG,4 71 1 09 272 705 7 051 0001,BENEFÍCIOS PREVIDENCIÁRIOS - SEGOV,3 1 91 13 22,OBRIGAÇÃO PATRONAL - PESSOAL INATIVO - ASSISTÊNCIA À SAÚDE,922776,2011,IPSEMG
4711,FFP - MG,4 71 1 09 272 705 7 052 0001,BENEFÍCIOS PREVIDENCIÁRIOS - SEDESE,3 1 91 13 22,OBRIGAÇÃO PATRONAL - PESSOAL INATIVO - ASSISTÊNCIA À SAÚDE,826216,2011,IPSEMG
4711,FFP - MG,4 71 1 09 272 705 7 055 0001,BENEFÍCIOS PREVIDENCIÁRIOS - OGE,3 1 91 13 22,OBRIGAÇÃO PATRONAL - PESSOAL INATIVO - ASSISTÊNCIA À SAÚDE,2320,2011,IPSEMG
4711,FFP - MG,4 71 1 09 272 705 7 056 0001,BENEFÍCIOS PREVIDENCIÁRIOS - SEDE,3 1 91 13 22,OBRIGAÇÃO PATRONAL - PESSOAL INATIVO - ASSISTÊNCIA À SAÚDE,361410,2011,IPSEMG
4711,FFP - MG,4 71 1 09 272 705 7 058 0001,BENEFÍCIOS PREVIDENCIÁRIOS - SEAPA,3 1 91 13 22,OBRIGAÇÃO PATRONAL - PESSOAL INATIVO - ASSISTÊNCIA À SAÚDE,418805,2011,IPSEMG
4711,FFP - MG,4 71 1 09 272 705 7 059 0001,BENEFÍCIOS PREVIDENCIÁRIOS - SECULT,3 1 91 13 22,OBRIGAÇÃO PATRONAL - PESSOAL INATIVO - ASSISTÊNCIA À SAÚDE,185906,2011,IPSEMG
4711,FFP - MG,4 71 1 09 272 705 7 060 0001,BENEFÍCIOS PREVIDENCIÁRIOS - UEMG,3 1 91 13 22,OBRIGAÇÃO PATRONAL - PESSOAL INATIVO - ASSISTÊNCIA À SAÚDE,220932,2011,IPSEMG
4711,FFP - MG,4 71 1 09 272 705 7 061 0001,BENEFÍCIOS PREVIDENCIÁRIOS - SEINFRA,3 1 91 13 22,OBRIGAÇÃO PATRONAL - PESSOAL INATIVO - ASSISTÊNCIA À SAÚDE,71722,2011,IPSEMG
4711,FFP - MG,4 71 1 09 272 705 7 063 0001,BENEFÍCIOS PREVIDENCIÁRIOS - SEMAD,3 1 91 13 22,OBRIGAÇÃO PATRONAL - PESSOAL INATIVO - ASSISTÊNCIA À SAÚDE,13312,2011,IPSEMG
4711,FFP - MG,4 71 1 09 272 705 7 064 0001,BENEFÍCIOS PREVIDENCIÁRIOS - PMMG,3 1 91 13 22,OBRIGAÇÃO PATRONAL - PESSOAL INATIVO - ASSISTÊNCIA À SAÚDE,422337,2011,IPSEMG
4711,FFP - MG,4 71 1 09 272 705 7 088 0001,BENEFÍCIOS PREVIDENCIÁRIOS - IMA,3 1 91 13 22,OBRIGAÇÃO PATRONAL - PESSOAL INATIVO - ASSISTÊNCIA À SAÚDE,603384,2011,IPSEMG
4711,FFP - MG,4 71 1 09 272 705 7 089 0001,BENEFÍCIOS PREVIDENCIÁRIOS - FHA,3 1 91 13 22,OBRIGAÇÃO PATRONAL - PESSOAL INATIVO - ASSISTÊNCIA À SAÚDE,35506,2011,IPSEMG
4711,FFP - MG,4 71 1 09 272 705 7 091 0001,BENEFÍCIOS PREVIDENCIÁRIOS - FUCAM,3 1 91 13 22,OBRIGAÇÃO PATRONAL - PESSOAL INATIVO - ASSISTÊNCIA À SAÚDE,65099,2011,IPSEMG
4711,FFP - MG,4 71 1 09 272 705 7 094 0001,BENEFÍCIOS PREVIDENCIÁRIOS - FAOP,3 1 91 13 22,OBRIGAÇÃO PATRONAL - PESSOAL INATIVO - ASSISTÊNCIA À SAÚDE,1577,2011,IPSEMG
4711,FFP - MG,4 71 1 09 272 705 7 096 0001,BENEFÍCIOS PREVIDENCIÁRIOS - FCS,3 1 91 13 22,OBRIGAÇÃO PATRONAL - PESSOAL INATIVO - ASSISTÊNCIA À SAÚDE,97429,2011,IPSEMG
4711,FFP - MG,4 71 1 09 272 705 7 104 0001,BENEFÍCIOS PREVIDENCIÁRIOS - IEPHA,3 1 91 13 22,OBRIGAÇÃO PATRONAL - PESSOAL INATIVO - ASSISTÊNCIA À SAÚDE,65111,2011,IPSEMG
4711,FFP - MG,4 71 1 09 272 705 7 205 0001,BENEFÍCIOS PREVIDENCIÁRIOS - DEER,3 1 91 13 22,OBRIGAÇÃO PATRONAL - PESSOAL INATIVO - ASSISTÊNCIA À SAÚDE,5806319,2011,IPSEMG
4711,FFP - MG,4 71 1 09 272 705 7 209 0001,BENEFÍCIOS PREVIDENCIÁRIOS - FUNED,3 1 91 13 22,OBRIGAÇÃO PATRONAL - PESSOAL INATIVO - ASSISTÊNCIA À SAÚDE,267950,2011,IPSEMG
4711,FFP - MG,4 71 1 09 272 705 7 225 0001,BENEFÍCIOS PREVIDENCIÁRIOS - FHEMIG,3 1 91 13 22,OBRIGAÇÃO PATRONAL - PESSOAL INATIVO - ASSISTÊNCIA À SAÚDE,3278955,2011,IPSEMG
4711,FFP - MG,4 71 1 09 272 705 7 312 0001,BENEFÍCIOS PREVIDENCIÁRIOS - HEMOMINAS,3 1 91 13 22,OBRIGAÇÃO PATRONAL - PESSOAL INATIVO - ASSISTÊNCIA À SAÚDE,173374,2011,IPSEMG
4711,FFP - MG,4 71 1 09 272 705 7 428 0001,BENEFÍCIOS PREVIDENCIÁRIOS - FEAM,3 1 91 13 22,OBRIGAÇÃO PATRONAL - PESSOAL INATIVO - ASSISTÊNCIA À SAÚDE,88062,2011,IPSEMG
4711,FFP - MG,4 71 1 09 272 705 7 473 0001,BENEFÍCIOS PREVIDENCIÁRIOS - IEF,3 1 91 13 22,OBRIGAÇÃO PATRONAL - PESSOAL INATIVO - ASSISTÊNCIA À SAÚDE,429814,2011,IPSEMG
4711,FFP - MG,4 71 1 09 272 705 7 484 0001,BENEFÍCIOS PREVIDENCIÁRIOS - IGAM,3 1 91 13 22,OBRIGAÇÃO PATRONAL - PESSOAL INATIVO - ASSISTÊNCIA À SAÚDE,45818,2011,IPSEMG
4711,FFP - MG,4 71 1 09 272 705 7 529 0001,BENEFÍCIOS PREVIDENCIÁRIOS - JUCEMG,3 1 91 13 22,OBRIGAÇÃO PATRONAL - PESSOAL INATIVO - ASSISTÊNCIA À SAÚDE,84583,2011,IPSEMG
4711,FFP - MG,4 71 1 09 272 705 7 586 0001,BENEFÍCIOS PREVIDENCIÁRIOS - UTRAMIG,3 1 91 13 22,OBRIGAÇÃO PATRONAL - PESSOAL INATIVO - ASSISTÊNCIA À SAÚDE,19815,2011,IPSEMG
4711,FFP - MG,4 71 1 09 272 705 7 617 0001,BENEFÍCIOS PREVIDENCIÁRIOS - LEMG,3 1 91 13 22,OBRIGAÇÃO PATRONAL - PESSOAL INATIVO - ASSISTÊNCIA À SAÚDE,22270,2011,IPSEMG
4711,FFP - MG,4 71 1 09 272 705 7 722 0001,BENEFÍCIOS PREVIDENCIÁRIOS - FJP,3 1 91 13 22,OBRIGAÇÃO PATRONAL - PESSOAL INATIVO - ASSISTÊNCIA À SAÚDE,224679,2011,IPSEMG
4711,FFP - MG,4 71 1 09 272 705 7 725 0001,BENEFÍCIOS PREVIDENCIÁRIOS - IPSEMG,3 1 91 13 22,OBRIGAÇÃO PATRONAL - PESSOAL INATIVO - ASSISTÊNCIA À SAÚDE,2980422,2011,IPSEMG
4711,FFP - MG,4 71 1 09 272 705 7 840 0001,BENEFÍCIOS PREVIDENCIÁRIOS - IPSM,3 1 91 13 22,OBRIGAÇÃO PATRONAL - PESSOAL INATIVO - ASSISTÊNCIA À SAÚDE,4982,2011,IPSEMG
4711,FFP - MG,4 71 1 09 272 705 7 939 0001,BENEFÍCIOS PREVIDENCIÁRIOS - IDENE,3 1 91 13 22,OBRIGAÇÃO PATRONAL - PESSOAL INATIVO - ASSISTÊNCIA À SAÚDE,36083,2011,IPSEMG
4711,FFP - MG,4 71 1 09 272 705 7 957 0001,BENEFÍCIOS PREVIDENCIÁRIOS - SEE,3 1 91 13 22,OBRIGAÇÃO PATRONAL - PESSOAL INATIVO - ASSISTÊNCIA À SAÚDE,167309966,2011,IPSEMG
4711,FFP - MG,4 71 1 09 272 705 7 959 0001,BENEFÍCIOS PREVIDENCIÁRIOS - SES,3 1 91 13 22,OBRIGAÇÃO PATRONAL - PESSOAL INATIVO - ASSISTÊNCIA À SAÚDE,6662097,2011,IPSEMG
